T	muB	muQ	munue	munumu	mnutau	nB	nQ	s_QCD	s_tot	ne	nmu	ntau	nnue	nnumu	nnutau
# Source S1·R1 [input_traj copy.txt] (B=8.6e-11, Le=-5.1e-11, Lmu=-5.1e-11, Ltau=-5.1e-11, eos=1, nf=3)
80	0.000186492	-1.64406e-07	-1.67127e-07	-1.67565e-07	-1.7256e-07	0.000310382	-1.11222e-05	540273	3.60909e+06	-5.80389e-06	-5.23678e-06	0	-0.000178269	-0.000178736	-0.000184064
81	0.000164566	-1.65565e-07	-1.68764e-07	-1.69352e-07	-1.75262e-07	0.000323173	-1.35687e-05	569528	3.75783e+06	-6.99701e-06	-6.47486e-06	0	-0.000184543	-0.000185186	-0.000191649
82	0.000145644	-1.66701e-07	-1.70458e-07	-1.71068e-07	-1.77975e-07	0.000336329	-1.61655e-05	599987	3.91081e+06	-8.42132e-06	-7.69508e-06	0	-0.000191027	-0.00019171	-0.000199451
83	0.000129263	-1.67819e-07	-1.72111e-07	-1.7281e-07	-1.807e-07	0.000349858	-1.8921e-05	631696	4.06812e+06	-9.8553e-06	-9.05996e-06	0	-0.000197612	-0.000198415	-0.000207474
84	0.000115037	-1.68931e-07	-1.73766e-07	-1.74526e-07	-1.83437e-07	0.000363766	-2.18521e-05	664706	4.22984e+06	-1.13723e-05	-1.04582e-05	0	-0.000204349	-0.000205243	-0.000215722
85	0.000102645	-1.7002e-07	-1.75412e-07	-1.76244e-07	-1.86187e-07	0.000378062	-2.49476e-05	699069	4.39607e+06	-1.29859e-05	-1.19741e-05	0	-0.000211225	-0.000212227	-0.0002242
86	9.18208e-05	-1.71098e-07	-1.77051e-07	-1.7795e-07	-1.8895e-07	0.000392754	-2.82266e-05	734842	4.5669e+06	-1.46753e-05	-1.35609e-05	0	-0.000218244	-0.000219353	-0.000232912
87	8.23386e-05	-1.72163e-07	-1.78685e-07	-1.79648e-07	-1.91727e-07	0.000407849	-3.16914e-05	772088	4.74243e+06	-1.64542e-05	-1.52348e-05	0	-0.000225411	-0.000226626	-0.000241864
88	7.40101e-05	-1.73215e-07	-1.80313e-07	-1.8134e-07	-1.94521e-07	0.000423358	-3.53483e-05	810872	4.92277e+06	-1.83246e-05	-1.69997e-05	0	-0.000232724	-0.00023405	-0.000251061
89	6.66759e-05	-1.74246e-07	-1.8194e-07	-1.83031e-07	-1.9733e-07	0.000439289	-3.91946e-05	851266	5.10802e+06	-2.03169e-05	-1.88859e-05	0	-0.000240191	-0.000241632	-0.000260509
90	6.02011e-05	-1.75268e-07	-1.83565e-07	-1.84713e-07	-2.00158e-07	0.000455653	-4.32505e-05	893346	5.29829e+06	-2.24029e-05	-2.08552e-05	0	-0.000247812	-0.000249363	-0.000270213
91	5.44713e-05	-1.76277e-07	-1.85187e-07	-1.86392e-07	-2.03004e-07	0.000472459	-4.75184e-05	937196	5.49371e+06	-2.45945e-05	-2.29275e-05	0	-0.000255589	-0.000257252	-0.000280179
92	4.93888e-05	-1.77276e-07	-1.86806e-07	-1.88068e-07	-2.05871e-07	0.000489719	-5.20062e-05	982903	5.69441e+06	-2.6891e-05	-2.51092e-05	0	-0.000263521	-0.000265302	-0.000290415
93	4.48703e-05	-1.78165e-07	-1.88376e-07	-1.89671e-07	-2.08759e-07	0.000507444	-5.68971e-05	1.03057e+06	5.90051e+06	-2.94396e-05	-2.74615e-05	0	-0.000271544	-0.00027341	-0.000300926
94	4.08447e-05	-1.79168e-07	-1.90047e-07	-1.91366e-07	-2.1167e-07	0.000525645	-6.17455e-05	1.08029e+06	6.11216e+06	-3.20467e-05	-2.98601e-05	0	-0.000279876	-0.000281818	-0.00031172
95	3.72505e-05	-1.80196e-07	-1.91663e-07	-1.93098e-07	-2.14607e-07	0.000544337	-6.6864e-05	1.13217e+06	6.3295e+06	-3.45003e-05	-3.23782e-05	0	-0.000288294	-0.000290451	-0.000322805
96	3.40349e-05	-1.8121e-07	-1.93337e-07	-1.94804e-07	-2.1757e-07	0.000563532	-7.21907e-05	1.18635e+06	6.5527e+06	-3.7255e-05	-3.49655e-05	0	-0.000296965	-0.00029922	-0.000334188
97	3.11524e-05	-1.82229e-07	-1.95006e-07	-1.96532e-07	-2.20562e-07	0.000583245	-7.77585e-05	1.24295e+06	6.78192e+06	-4.0077e-05	-3.76921e-05	0	-0.000305802	-0.000308195	-0.000345878
98	2.85636e-05	-1.8325e-07	-1.96691e-07	-1.98265e-07	-2.23584e-07	0.000603491	-8.35745e-05	1.3021e+06	7.01733e+06	-4.30318e-05	-4.05274e-05	0	-0.000314836	-0.000317357	-0.000357884
99	2.62341e-05	-1.84268e-07	-1.98394e-07	-2.00008e-07	-2.26639e-07	0.000624285	-8.96414e-05	1.36395e+06	7.25913e+06	-4.61534e-05	-4.35009e-05	0	-0.000324076	-0.000326713	-0.000370215
100	2.41344e-05	-1.85288e-07	-2.00103e-07	-2.01764e-07	-2.29729e-07	0.000645645	-9.59861e-05	1.42866e+06	7.5075e+06	-4.93875e-05	-4.66082e-05	0	-0.000333506	-0.000336273	-0.000382882
101	2.22384e-05	-1.86551e-07	-2.01962e-07	-2.03779e-07	-2.32857e-07	0.000667588	-0.000101963	1.49641e+06	7.76265e+06	-5.24061e-05	-4.98728e-05	0	-0.000343369	-0.000346459	-0.000395895
102	2.05234e-05	-1.8759e-07	-2.03758e-07	-2.05514e-07	-2.36024e-07	0.000690134	-0.000108853	1.56737e+06	8.02481e+06	-5.60745e-05	-5.30788e-05	0	-0.000353317	-0.000356361	-0.000409265
103	1.89697e-05	-1.88646e-07	-2.05509e-07	-2.07291e-07	-2.39233e-07	0.000713301	-0.00011611	1.64174e+06	8.2942e+06	-5.96381e-05	-5.6469e-05	0	-0.000363374	-0.000366524	-0.000423004
104	1.75598e-05	-1.89668e-07	-2.0728e-07	-2.091e-07	-2.42488e-07	0.000737112	-0.000123655	1.71972e+06	8.57107e+06	-6.34997e-05	-6.01756e-05	0	-0.000373657	-0.000376938	-0.000437125
105	1.62784e-05	-1.90687e-07	-2.09053e-07	-2.10927e-07	-2.4579e-07	0.000761588	-0.000131566	1.80153e+06	8.85568e+06	-6.7502e-05	-6.40693e-05	0	-0.000384136	-0.000387578	-0.00045164
106	1.51121e-05	-1.91698e-07	-2.10845e-07	-2.12759e-07	-2.49144e-07	0.000786753	-0.000139855	1.88741e+06	9.14829e+06	-7.17198e-05	-6.81317e-05	0	-0.000394843	-0.000398427	-0.000466563
107	1.4049e-05	-1.927e-07	-2.12651e-07	-2.14604e-07	-2.52551e-07	0.000812631	-0.000148544	1.97761e+06	9.4492e+06	-7.61428e-05	-7.23925e-05	0	-0.000405773	-0.000409501	-0.000481909
108	1.31755e-05	-1.94119e-07	-2.14825e-07	-2.16733e-07	-2.56015e-07	0.000839248	-0.000156439	2.07239e+06	9.7587e+06	-8.05102e-05	-7.63376e-05	0	-0.00041762	-0.000421328	-0.000497693
109	1.23743e-05	-1.95601e-07	-2.16902e-07	-2.1893e-07	-2.5954e-07	0.000866631	-0.000164844	2.17202e+06	1.00771e+07	-8.43648e-05	-8.04205e-05	0	-0.000429502	-0.000433519	-0.000513932
110	1.16364e-05	-1.97035e-07	-2.19069e-07	-2.21121e-07	-2.63128e-07	0.000894809	-0.000173568	2.2768e+06	1.04048e+07	-8.88785e-05	-8.47687e-05	0	-0.00044179	-0.000445927	-0.000530642
111	1.0956e-05	-1.98477e-07	-2.21245e-07	-2.23322e-07	-2.66784e-07	0.000923811	-0.000182766	2.38704e+06	1.0742e+07	-9.35152e-05	-8.92482e-05	0	-0.000454326	-0.000458591	-0.000547841
112	1.03281e-05	-1.99907e-07	-2.23442e-07	-2.25549e-07	-2.70511e-07	0.000953669	-0.000192405	2.50307e+06	1.10892e+07	-9.84146e-05	-9.39974e-05	0	-0.000467143	-0.000471548	-0.000565548
113	9.7479e-06	-2.01335e-07	-2.25662e-07	-2.27798e-07	-2.74312e-07	0.000984415	-0.000202525	2.62524e+06	1.14467e+07	-0.000103551	-9.89715e-05	0	-0.000480245	-0.000484792	-0.000583781
114	9.2114e-06	-2.02761e-07	-2.27903e-07	-2.30074e-07	-2.78191e-07	0.00101608	-0.000213145	2.75388e+06	1.18149e+07	-0.000108925	-0.000104196	0	-0.000493639	-0.00049834	-0.000602562
115	8.71483e-06	-2.04181e-07	-2.30172e-07	-2.32386e-07	-2.82152e-07	0.00104871	-0.000224267	2.8894e+06	1.21943e+07	-0.000114586	-0.000109729	0	-0.000507338	-0.000512217	-0.000621911
116	8.2548e-06	-2.05607e-07	-2.32475e-07	-2.34717e-07	-2.86199e-07	0.00108234	-0.000235944	3.03217e+06	1.25853e+07	-0.000120522	-0.00011547	0	-0.000521365	-0.000526391	-0.00064185
117	7.82826e-06	-2.07039e-07	-2.34807e-07	-2.3708e-07	-2.90336e-07	0.00111699	-0.000248195	3.18262e+06	1.29883e+07	-0.000126712	-0.000121475	0	-0.000535712	-0.000540897	-0.000662402
118	7.43243e-06	-2.08475e-07	-2.37171e-07	-2.39481e-07	-2.94567e-07	0.00115272	-0.00026103	3.34116e+06	1.34037e+07	-0.000133202	-0.000127789	0	-0.000550396	-0.000555757	-0.000683591
119	7.06477e-06	-2.0991e-07	-2.3957e-07	-2.41932e-07	-2.98895e-07	0.00118957	-0.000274457	3.50823e+06	1.38322e+07	-0.00014002	-0.000134483	0	-0.000565426	-0.000571	-0.000705441
120	6.723e-06	-2.1136e-07	-2.42018e-07	-2.44402e-07	-3.03324e-07	0.00122757	-0.000288548	3.68431e+06	1.42741e+07	-0.000147167	-0.000141374	0	-0.000580842	-0.000586565	-0.000727978
121	6.40452e-06	-2.12813e-07	-2.44493e-07	-2.46923e-07	-3.07859e-07	0.00126677	-0.000303317	3.86985e+06	1.47299e+07	-0.000154616	-0.000148663	0	-0.000596602	-0.000602534	-0.000751227
122	6.10543e-06	-2.14249e-07	-2.47004e-07	-2.49478e-07	-3.12503e-07	0.00130725	-0.000318861	4.06535e+06	1.52005e+07	-0.000162519	-0.000156371	-1.10614e-08	-0.000612734	-0.000618872	-0.000775217
123	5.82221e-06	-2.15651e-07	-2.4952e-07	-2.52037e-07	-3.1726e-07	0.00134899	-0.000335308	4.27132e+06	1.5686e+07	-0.000170814	-0.000164458	-1.29416e-08	-0.000629164	-0.000635511	-0.000799972
124	5.55256e-06	-2.16991e-07	-2.52041e-07	-2.54617e-07	-3.22134e-07	0.00139208	-0.000352695	4.48827e+06	1.6187e+07	-0.000179657	-0.000173138	-1.51219e-08	-0.000645898	-0.000652498	-0.000825523
125	5.29485e-06	-2.18288e-07	-2.54558e-07	-2.57177e-07	-3.27129e-07	0.00143656	-0.000371207	4.71673e+06	1.67042e+07	-0.000188916	-0.000182152	-1.76435e-08	-0.00066291	-0.000669731	-0.000851898
126	5.04792e-06	-2.19514e-07	-2.57063e-07	-2.5975e-07	-3.32247e-07	0.00148248	-0.000390826	4.95725e+06	1.72382e+07	-0.000198727	-0.000191809	-2.05589e-08	-0.000680189	-0.000687299	-0.000879126
127	4.81102e-06	-2.20654e-07	-2.59592e-07	-2.62323e-07	-3.37493e-07	0.00152989	-0.000411554	5.21036e+06	1.77895e+07	-0.000209357	-0.000202127	-2.39275e-08	-0.000697826	-0.000705169	-0.000907238
128	4.58369e-06	-2.21733e-07	-2.62116e-07	-2.64893e-07	-3.4287e-07	0.00157885	-0.000433528	5.47664e+06	1.83587e+07	-0.00022056	-0.000213004	-2.78095e-08	-0.00071575	-0.000723335	-0.000936265
129	4.36562e-06	-2.22753e-07	-2.64634e-07	-2.67468e-07	-3.48381e-07	0.00162939	-0.000456785	5.75666e+06	1.89464e+07	-0.000232334	-0.00022449	-3.2275e-08	-0.000733962	-0.000741822	-0.000966236
130	4.15662e-06	-2.23717e-07	-2.6716e-07	-2.70046e-07	-3.5403e-07	0.00168159	-0.00048135	6.05098e+06	1.95533e+07	-0.000244745	-0.000236562	-3.7399e-08	-0.0007525	-0.000760628	-0.000997183
131	3.95658e-06	-2.24628e-07	-2.69685e-07	-2.72656e-07	-3.59818e-07	0.00173548	-0.000507221	6.36019e+06	2.018e+07	-0.000257757	-0.000249393	-4.32746e-08	-0.000771343	-0.000779842	-0.00102914
132	3.7654e-06	-2.25494e-07	-2.72249e-07	-2.75269e-07	-3.65748e-07	0.00179113	-0.000534423	6.68486e+06	2.08271e+07	-0.000271567	-0.000262805	-4.99931e-08	-0.00079061	-0.000799381	-0.00106213
133	3.58297e-06	-2.26323e-07	-2.74833e-07	-2.77919e-07	-3.71823e-07	0.00184859	-0.000562961	7.0256e+06	2.14952e+07	-0.000286051	-0.000276949	-5.76582e-08	-0.000810254	-0.000819351	-0.0010962
134	3.40919e-06	-2.27131e-07	-2.77444e-07	-2.80599e-07	-3.78045e-07	0.0019079	-0.000592891	7.38296e+06	2.21849e+07	-0.00030116	-0.000291727	-6.63871e-08	-0.000830298	-0.000839738	-0.00113136
135	3.24392e-06	-2.27923e-07	-2.8009e-07	-2.83319e-07	-3.84416e-07	0.00196913	-0.000624203	7.75755e+06	2.28969e+07	-0.000316935	-0.000307196	-7.63015e-08	-0.000850773	-0.000860582	-0.00116766
136	3.08696e-06	-2.28706e-07	-2.82784e-07	-2.8608e-07	-3.90938e-07	0.00203233	-0.000656905	8.14994e+06	2.36317e+07	-0.000333428	-0.000323319	-8.75452e-08	-0.000871728	-0.00088189	-0.00120513
137	2.93813e-06	-2.29482e-07	-2.85534e-07	-2.88898e-07	-3.9761e-07	0.00209754	-0.000690965	8.56068e+06	2.439e+07	-0.000350703	-0.000340203	-1.00271e-07	-0.000893198	-0.000903721	-0.00124379
138	2.79717e-06	-2.30273e-07	-2.88327e-07	-2.9177e-07	-4.04436e-07	0.00216483	-0.000726479	8.99036e+06	2.51724e+07	-0.000368552	-0.000357735	-1.14632e-07	-0.000915148	-0.000926077	-0.00128368
139	2.66382e-06	-2.31073e-07	-2.91191e-07	-2.94694e-07	-4.11415e-07	0.00223424	-0.000763395	9.43952e+06	2.59795e+07	-0.000387204	-0.000375932	-1.30816e-07	-0.000937683	-0.000948962	-0.00132482
140	2.53779e-06	-2.31882e-07	-2.94118e-07	-2.97706e-07	-4.18547e-07	0.00230582	-0.000801666	9.9087e+06	2.68118e+07	-0.000406638	-0.00039505	-1.4903e-07	-0.000960784	-0.000972505	-0.00136725
141	2.41895e-06	-2.32718e-07	-2.97132e-07	-3.00762e-07	-4.25833e-07	0.00237962	-0.000841384	1.03984e+07	2.767e+07	-0.000426904	-0.000414712	-1.69468e-07	-0.000984548	-0.000996574	-0.001411
142	2.30769e-06	-2.33613e-07	-3.00183e-07	-3.03891e-07	-4.33273e-07	0.00245568	-0.000882657	1.09092e+07	2.85545e+07	-0.000447472	-0.000434935	-1.92337e-07	-0.00100881	-0.00102128	-0.00145608
143	2.20419e-06	-2.34535e-07	-3.03335e-07	-3.07114e-07	-4.40865e-07	0.00253406	-0.000925221	1.14416e+07	2.94658e+07	-0.000469001	-0.00045604	-2.17909e-07	-0.00103382	-0.0010467	-0.00150254
144	2.10841e-06	-2.35516e-07	-3.06565e-07	-3.10411e-07	-4.48608e-07	0.0026148	-0.00096925	1.19959e+07	3.04046e+07	-0.000491125	-0.00047773	-2.46426e-07	-0.00105949	-0.00107278	-0.00155039
145	2.02008e-06	-2.36532e-07	-3.0989e-07	-3.13822e-07	-4.56502e-07	0.00269793	-0.00101456	1.25728e+07	3.13713e+07	-0.000514158	-0.000500427	-2.78208e-07	-0.00108591	-0.00109968	-0.00159966
146	1.93887e-06	-2.37628e-07	-3.13283e-07	-3.17275e-07	-4.64544e-07	0.00278351	-0.00106152	1.31725e+07	3.23664e+07	-0.000537597	-0.000523382	-3.13497e-07	-0.00111299	-0.00112717	-0.00165037
147	1.86435e-06	-2.38763e-07	-3.16772e-07	-3.2083e-07	-4.72733e-07	0.00287156	-0.00110983	1.37956e+07	3.33902e+07	-0.000561946	-0.000547268	-3.52683e-07	-0.00114085	-0.00115547	-0.00170255
148	1.79608e-06	-2.39942e-07	-3.20341e-07	-3.24483e-07	-4.81067e-07	0.00296213	-0.00115958	1.44423e+07	3.44433e+07	-0.000587061	-0.000572053	-3.96126e-07	-0.00116946	-0.00118458	-0.00175621
149	1.7336e-06	-2.41174e-07	-3.23996e-07	-3.28196e-07	-4.89541e-07	0.00305524	-0.00121088	1.51131e+07	3.5526e+07	-0.000612956	-0.000597419	-4.44178e-07	-0.00119884	-0.00121438	-0.00181138
150	1.6765e-06	-2.42458e-07	-3.27718e-07	-3.31981e-07	-4.98154e-07	0.00315093	-0.00126378	1.58083e+07	3.66387e+07	-0.000639499	-0.000623478	-4.97271e-07	-0.00122894	-0.00124493	-0.00186808
151	1.62434e-06	-2.43769e-07	-3.31534e-07	-3.35849e-07	-5.06902e-07	0.00324923	-0.00131813	1.65281e+07	3.77817e+07	-0.000667095	-0.000650498	-5.55875e-07	-0.00125988	-0.00127628	-0.00192631
152	1.57674e-06	-2.45125e-07	-3.35393e-07	-3.39796e-07	-5.15782e-07	0.00335016	-0.00137414	1.72729e+07	3.89554e+07	-0.000695243	-0.000678335	-6.20435e-07	-0.00129149	-0.00130844	-0.0019861
153	1.53335e-06	-2.46516e-07	-3.39338e-07	-3.43783e-07	-5.2479e-07	0.00345376	-0.00143181	1.80429e+07	4.016e+07	-0.000724333	-0.000706792	-6.91469e-07	-0.00132393	-0.00134127	-0.00204747
154	1.49383e-06	-2.47946e-07	-3.43318e-07	-3.47839e-07	-5.33921e-07	0.00356003	-0.00149122	1.88382e+07	4.13957e+07	-0.000754003	-0.000736066	-7.69508e-07	-0.00135702	-0.00137489	-0.00211041
155	1.45788e-06	-2.49379e-07	-3.47394e-07	-3.51962e-07	-5.43171e-07	0.003669	-0.00155212	1.96592e+07	4.26628e+07	-0.000784991	-0.000766415	-8.55225e-07	-0.00139102	-0.00140931	-0.00217495
156	1.42523e-06	-2.50847e-07	-3.51489e-07	-3.56141e-07	-5.52536e-07	0.00378069	-0.00161487	2.05058e+07	4.39615e+07	-0.000816475	-0.000797554	-9.49132e-07	-0.00142564	-0.00144451	-0.00224109
157	1.39565e-06	-2.52332e-07	-3.55636e-07	-3.60366e-07	-5.62011e-07	0.0038951	-0.00167937	2.13783e+07	4.52919e+07	-0.000848847	-0.000829543	-1.05195e-06	-0.00146101	-0.00148044	-0.00230883
158	1.36891e-06	-2.53835e-07	-3.59825e-07	-3.64625e-07	-5.7159e-07	0.00401226	-0.00174569	2.22767e+07	4.66541e+07	-0.000882044	-0.000862319	-1.16433e-06	-0.00149711	-0.00151708	-0.0023782
159	1.3448e-06	-2.55337e-07	-3.64073e-07	-3.68927e-07	-5.8127e-07	0.00413216	-0.00181373	2.32012e+07	4.80484e+07	-0.000916381	-0.000896086	-1.28712e-06	-0.00153402	-0.00155448	-0.00244918
160	1.32318e-06	-2.5685e-07	-3.68354e-07	-3.73251e-07	-5.91044e-07	0.00425482	-0.00188366	2.41517e+07	4.94747e+07	-0.00095157	-0.000930597	-1.42102e-06	-0.00157164	-0.00159254	-0.00252179
161	1.30384e-06	-2.58359e-07	-3.72663e-07	-3.77622e-07	-6.00908e-07	0.00438025	-0.00195539	2.51282e+07	5.09331e+07	-0.000987684	-0.00096621	-1.56695e-06	-0.00160997	-0.00163139	-0.00259602
162	1.28657e-06	-2.59873e-07	-3.76991e-07	-3.82022e-07	-6.10855e-07	0.00450843	-0.00202901	2.61308e+07	5.24236e+07	-0.00102462	-0.0010027	-1.72568e-06	-0.00164896	-0.00167096	-0.00267188
163	1.27113e-06	-2.61387e-07	-3.81359e-07	-3.86439e-07	-6.20881e-07	0.00463938	-0.00210448	2.71594e+07	5.39463e+07	-0.00106259	-0.00104006	-1.89825e-06	-0.00168872	-0.00171122	-0.00274936
164	1.25734e-06	-2.62905e-07	-3.85748e-07	-3.90882e-07	-6.30979e-07	0.00477309	-0.00218182	2.8214e+07	5.55011e+07	-0.00110142	-0.0010783	-2.08547e-06	-0.00172918	-0.00175219	-0.00282847
165	1.24503e-06	-2.64422e-07	-3.90158e-07	-3.9536e-07	-6.41145e-07	0.00490956	-0.00226097	2.92944e+07	5.70879e+07	-0.00114113	-0.00111758	-2.28848e-06	-0.00177034	-0.00179394	-0.0029092
166	1.23406e-06	-2.65944e-07	-3.94597e-07	-3.99851e-07	-6.51373e-07	0.00504878	-0.00234197	3.04006e+07	5.87068e+07	-0.00118181	-0.00115765	-2.50825e-06	-0.00181225	-0.00183638	-0.00299154
167	1.22429e-06	-2.6747e-07	-3.99054e-07	-4.04365e-07	-6.61657e-07	0.00519075	-0.00242479	3.15324e+07	6.03576e+07	-0.00122335	-0.00119866	-2.74593e-06	-0.00185487	-0.00187956	-0.00307549
168	1.21563e-06	-2.68996e-07	-4.03543e-07	-4.08899e-07	-6.71992e-07	0.00533546	-0.00250938	3.26898e+07	6.20402e+07	-0.00126591	-0.00124058	-3.00262e-06	-0.00189827	-0.00192346	-0.00316105
169	1.20797e-06	-2.70531e-07	-4.08036e-07	-4.13455e-07	-6.82372e-07	0.00548289	-0.00259581	3.38725e+07	6.37546e+07	-0.00130919	-0.00128338	-3.27956e-06	-0.00194232	-0.00196811	-0.0032482
170	1.20124e-06	-2.72073e-07	-4.12552e-07	-4.18023e-07	-6.92793e-07	0.00563305	-0.00268403	3.50804e+07	6.55006e+07	-0.0013534	-0.00132702	-3.57797e-06	-0.00198713	-0.00201348	-0.00333695
171	1.19534e-06	-2.73618e-07	-4.1709e-07	-4.22612e-07	-7.03248e-07	0.00578591	-0.00277397	3.63133e+07	6.7278e+07	-0.00139852	-0.00137162	-3.89914e-06	-0.00203269	-0.0020596	-0.00342728
172	1.19023e-06	-2.75173e-07	-4.21637e-07	-4.27212e-07	-7.13734e-07	0.00594147	-0.00286571	3.75711e+07	6.90868e+07	-0.00144445	-0.00141699	-4.24449e-06	-0.00207895	-0.00210644	-0.00351918
173	1.18583e-06	-2.7673e-07	-4.26205e-07	-4.31824e-07	-7.24244e-07	0.0060997	-0.00295915	3.88536e+07	7.09268e+07	-0.00149131	-0.00146325	-4.61538e-06	-0.00212598	-0.00215401	-0.00361265
174	1.1821e-06	-2.78295e-07	-4.30779e-07	-4.36447e-07	-7.34775e-07	0.00626061	-0.00305436	4.01605e+07	7.27978e+07	-0.00153898	-0.00151036	-5.01325e-06	-0.00217371	-0.00220231	-0.00370767
175	1.17898e-06	-2.79865e-07	-4.35367e-07	-4.41078e-07	-7.45321e-07	0.00642417	-0.00315128	4.14916e+07	7.46996e+07	-0.00158755	-0.00155832	-5.43984e-06	-0.00222218	-0.00225134	-0.00380424
176	1.17644e-06	-2.81439e-07	-4.39958e-07	-4.45719e-07	-7.55878e-07	0.00659037	-0.00324992	4.28468e+07	7.66322e+07	-0.00163688	-0.00160716	-5.89644e-06	-0.00227136	-0.0023011	-0.00390234
177	1.17443e-06	-2.83019e-07	-4.44557e-07	-4.50365e-07	-7.66441e-07	0.00675919	-0.00335027	4.42259e+07	7.85953e+07	-0.00168707	-0.00165681	-6.38487e-06	-0.00232125	-0.00235158	-0.00400197
178	1.17292e-06	-2.84603e-07	-4.49169e-07	-4.55011e-07	-7.77008e-07	0.00693063	-0.00345229	4.56286e+07	8.05887e+07	-0.00173815	-0.00170727	-6.90677e-06	-0.00237191	-0.00240276	-0.00410312
179	1.17189e-06	-2.86193e-07	-4.53777e-07	-4.59663e-07	-7.87572e-07	0.00710466	-0.003556	4.70547e+07	8.26124e+07	-0.00178998	-0.00175855	-7.46397e-06	-0.00242325	-0.00245468	-0.00420577
180	1.1713e-06	-2.87789e-07	-4.5839e-07	-4.64319e-07	-7.98132e-07	0.00728128	-0.00366137	4.85041e+07	8.46661e+07	-0.00184264	-0.00181064	-8.05824e-06	-0.0024753	-0.00250732	-0.00430991
181	1.17113e-06	-2.8939e-07	-4.6301e-07	-4.68973e-07	-8.08683e-07	0.00746047	-0.00376837	4.99764e+07	8.67497e+07	-0.00189613	-0.00186357	-8.69136e-06	-0.00252811	-0.00256067	-0.00441554
182	1.17135e-06	-2.90998e-07	-4.67627e-07	-4.73632e-07	-8.19222e-07	0.00764222	-0.00387702	5.14717e+07	8.8863e+07	-0.00195038	-0.00191726	-9.36555e-06	-0.00258161	-0.00261476	-0.00452265
183	1.17194e-06	-2.92612e-07	-4.7225e-07	-4.78286e-07	-8.29745e-07	0.00782651	-0.00398728	5.29895e+07	9.1006e+07	-0.00200544	-0.00197175	-1.00826e-05	-0.00263586	-0.00266955	-0.00463122
184	1.17286e-06	-2.94234e-07	-4.7687e-07	-4.8294e-07	-8.4025e-07	0.00801334	-0.00409915	5.45299e+07	9.31784e+07	-0.00206127	-0.002027	-1.08443e-05	-0.00269082	-0.00272507	-0.00474125
185	1.17411e-06	-2.95864e-07	-4.81492e-07	-4.87595e-07	-8.50734e-07	0.00820269	-0.00421258	5.60926e+07	9.53801e+07	-0.00211786	-0.00208306	-1.16532e-05	-0.00274651	-0.00278133	-0.00485273
186	1.17565e-06	-2.97503e-07	-4.86113e-07	-4.92249e-07	-8.61195e-07	0.00839455	-0.0043276	5.76774e+07	9.7611e+07	-0.00217522	-0.00213985	-1.25115e-05	-0.00280293	-0.00283831	-0.00496565
187	1.17748e-06	-2.99151e-07	-4.90737e-07	-4.96901e-07	-8.71629e-07	0.00858891	-0.00444415	5.92841e+07	9.9871e+07	-0.00223333	-0.00219741	-1.3421e-05	-0.0028601	-0.00289602	-0.00508
188	1.17958e-06	-3.00812e-07	-4.95357e-07	-5.01549e-07	-8.82035e-07	0.00878576	-0.00456227	6.09128e+07	1.0216e+08	-0.00229217	-0.00225566	-1.43843e-05	-0.00291798	-0.00295446	-0.00519578
189	1.18192e-06	-3.02484e-07	-4.9998e-07	-5.06201e-07	-8.92411e-07	0.0089851	-0.00468185	6.25631e+07	1.04478e+08	-0.00235175	-0.0023147	-1.54038e-05	-0.00297663	-0.00301367	-0.00531297
190	1.1845e-06	-3.04171e-07	-5.04601e-07	-5.10848e-07	-9.02755e-07	0.00918692	-0.00480298	6.4235e+07	1.06825e+08	-0.00241202	-0.00237444	-1.64813e-05	-0.00303602	-0.0030736	-0.00543158
191	1.1873e-06	-3.05871e-07	-5.09225e-07	-5.15497e-07	-9.13065e-07	0.00939121	-0.00492555	6.59284e+07	1.092e+08	-0.00247306	-0.0024349	-1.76204e-05	-0.00309618	-0.00313431	-0.00555159
192	1.19031e-06	-3.07588e-07	-5.13848e-07	-5.20143e-07	-9.23339e-07	0.00959797	-0.00504962	6.76432e+07	1.11604e+08	-0.00253472	-0.00249603	-1.88226e-05	-0.00315709	-0.00319576	-0.005673
193	1.19352e-06	-3.09316e-07	-5.1847e-07	-5.24792e-07	-9.33577e-07	0.00980719	-0.00517513	6.93792e+07	1.14037e+08	-0.00259714	-0.00255792	-2.00909e-05	-0.00321875	-0.003258	-0.0057958
194	1.19691e-06	-3.11059e-07	-5.23093e-07	-5.29434e-07	-9.43777e-07	0.0100189	-0.00530213	7.11365e+07	1.16499e+08	-0.00266024	-0.0026205	-2.14282e-05	-0.00328119	-0.00332096	-0.00592
195	1.20047e-06	-3.12814e-07	-5.27716e-07	-5.34071e-07	-9.53938e-07	0.010233	-0.0054306	7.29149e+07	1.18989e+08	-0.00272406	-0.00268372	-2.28373e-05	-0.0033444	-0.00338468	-0.00604558
196	1.20419e-06	-3.14584e-07	-5.32329e-07	-5.38705e-07	-9.64059e-07	0.0104496	-0.00556059	7.47144e+07	1.21507e+08	-0.0027885	-0.00274767	-2.43206e-05	-0.00340832	-0.00344915	-0.00617255
197	1.20806e-06	-3.16363e-07	-5.36944e-07	-5.43341e-07	-9.74139e-07	0.0106687	-0.00569197	7.6535e+07	1.24054e+08	-0.0028537	-0.00281238	-2.58813e-05	-0.00347305	-0.00351442	-0.00630089
198	1.21208e-06	-3.18157e-07	-5.41555e-07	-5.47967e-07	-9.84178e-07	0.0108902	-0.00582486	7.83766e+07	1.2663e+08	-0.00291959	-0.00287771	-2.75223e-05	-0.00353852	-0.00358042	-0.00643062
199	1.21622e-06	-3.19961e-07	-5.46166e-07	-5.52592e-07	-9.94174e-07	0.0111142	-0.00595919	8.02391e+07	1.29235e+08	-0.00298619	-0.0029438	-2.92474e-05	-0.00360479	-0.0036472	-0.00656172
200	1.22048e-06	-3.21777e-07	-5.5077e-07	-5.57213e-07	-1.00413e-06	0.0113406	-0.006095	8.21227e+07	1.31868e+08	-0.00305348	-0.00301056	-3.10589e-05	-0.0036718	-0.00371476	-0.00669419
201	1.22485e-06	-3.23608e-07	-5.55371e-07	-5.61824e-07	-1.01404e-06	0.0115695	-0.00623232	8.40272e+07	1.34529e+08	-0.00312137	-0.00307793	-3.29595e-05	-0.00373959	-0.00378304	-0.00682804
202	1.22933e-06	-3.25449e-07	-5.59971e-07	-5.66433e-07	-1.02391e-06	0.0118009	-0.00637108	8.59528e+07	1.3722e+08	-0.00319006	-0.00314605	-3.49532e-05	-0.00380817	-0.00385212	-0.00696326
203	1.23381e-06	-3.2729e-07	-5.6457e-07	-5.71042e-07	-1.03378e-06	0.0120338	-0.00651113	8.78993e+07	1.39939e+08	-0.00325958	-0.00321507	-3.70468e-05	-0.00387756	-0.00392201	-0.00710015
204	1.23857e-06	-3.29164e-07	-5.69154e-07	-5.75647e-07	-1.04352e-06	0.0122711	-0.00665301	8.9867e+07	1.42687e+08	-0.00332941	-0.00328444	-3.92341e-05	-0.00394765	-0.00399269	-0.00723782
205	1.24333e-06	-3.31038e-07	-5.73739e-07	-5.80252e-07	-1.05325e-06	0.0125101	-0.00679617	9.18557e+07	1.45465e+08	-0.00340008	-0.00335478	-4.15287e-05	-0.00401856	-0.00406418	-0.00737717
206	1.24813e-06	-3.32927e-07	-5.78326e-07	-5.84832e-07	-1.06295e-06	0.0127513	-0.00694093	9.38655e+07	1.48271e+08	-0.00347155	-0.00342549	-4.39291e-05	-0.00409031	-0.00413632	-0.00751788
207	1.25293e-06	-3.34815e-07	-5.82914e-07	-5.89411e-07	-1.07264e-06	0.0129943	-0.00708697	9.58966e+07	1.51106e+08	-0.00354386	-0.0034971	-4.6443e-05	-0.00416288	-0.00420928	-0.00766029
208	1.25794e-06	-3.36731e-07	-5.87484e-07	-5.94005e-07	-1.08221e-06	0.0132415	-0.00723478	9.79489e+07	1.53971e+08	-0.00361643	-0.00356944	-4.90652e-05	-0.00423615	-0.00428317	-0.00780346
209	1.26296e-06	-3.38647e-07	-5.92054e-07	-5.98599e-07	-1.09178e-06	0.0134907	-0.00738388	1.00023e+08	1.56865e+08	-0.00368998	-0.00364277	-5.18091e-05	-0.00431025	-0.0043579	-0.00794831
210	1.26796e-06	-3.40583e-07	-5.96623e-07	-6.03156e-07	-1.1013e-06	0.0137418	-0.00753474	1.02118e+08	1.59789e+08	-0.00376406	-0.00371613	-5.46743e-05	-0.00438518	-0.0044332	-0.00809455
211	1.27297e-06	-3.42518e-07	-6.01193e-07	-6.07714e-07	-1.11082e-06	0.0139951	-0.00768689	1.04234e+08	1.62742e+08	-0.00383913	-0.00379041	-5.76702e-05	-0.00446095	-0.00450934	-0.0082425
212	1.27814e-06	-3.44477e-07	-6.05756e-07	-6.12287e-07	-1.12022e-06	0.0142524	-0.0078408	1.06373e+08	1.65725e+08	-0.00391458	-0.00386553	-6.07881e-05	-0.00453752	-0.00458643	-0.0083912
213	1.28332e-06	-3.46437e-07	-6.10319e-07	-6.16859e-07	-1.12962e-06	0.0145118	-0.00799602	1.08532e+08	1.68738e+08	-0.00399103	-0.00394148	-6.40442e-05	-0.00461493	-0.00466438	-0.0085416
214	1.28847e-06	-3.48415e-07	-6.14865e-07	-6.2141e-07	-1.13897e-06	0.0147732	-0.00815305	1.10714e+08	1.71781e+08	-0.00406776	-0.00401784	-6.74365e-05	-0.00469306	-0.00474302	-0.00869341
215	1.29361e-06	-3.50394e-07	-6.19412e-07	-6.25961e-07	-1.14833e-06	0.0150367	-0.00831141	1.12918e+08	1.74855e+08	-0.0041454	-0.00409509	-7.0977e-05	-0.00477205	-0.00482251	-0.00884694
216	1.29893e-06	-3.52392e-07	-6.23974e-07	-6.30515e-07	-1.15757e-06	0.0153044	-0.00847153	1.15144e+08	1.77959e+08	-0.00422397	-0.00417298	-7.4657e-05	-0.00485202	-0.00490288	-0.00900123
217	1.30425e-06	-3.54391e-07	-6.28535e-07	-6.35068e-07	-1.1668e-06	0.0155744	-0.00863301	1.17391e+08	1.81093e+08	-0.00430337	-0.00425178	-7.84915e-05	-0.00493285	-0.00498412	-0.00915723
218	1.30954e-06	-3.5641e-07	-6.33059e-07	-6.39612e-07	-1.176e-06	0.0158462	-0.0087964	1.19662e+08	1.84258e+08	-0.00438287	-0.00433112	-8.24816e-05	-0.00501425	-0.00506616	-0.00931468
219	1.31483e-06	-3.58428e-07	-6.37583e-07	-6.44156e-07	-1.1852e-06	0.0161202	-0.00896118	1.21954e+08	1.87454e+08	-0.0044632	-0.00441129	-8.6637e-05	-0.00509652	-0.00514906	-0.00947386
220	1.32029e-06	-3.60462e-07	-6.42148e-07	-6.48689e-07	-1.19427e-06	0.0163986	-0.0091277	1.24269e+08	1.90681e+08	-0.00454484	-0.00449203	-9.09494e-05	-0.00517999	-0.00523276	-0.0096338
221	1.32575e-06	-3.62497e-07	-6.46713e-07	-6.53222e-07	-1.20335e-06	0.0166792	-0.00929563	1.26607e+08	1.9394e+08	-0.00462751	-0.00457368	-9.54358e-05	-0.00526435	-0.00531734	-0.00979546
222	1.33118e-06	-3.64552e-07	-6.51216e-07	-6.57758e-07	-1.2124e-06	0.0169618	-0.00946562	1.28968e+08	1.9723e+08	-0.00470966	-0.00465594	-0.000100095	-0.00534909	-0.00540282	-0.00995862
223	1.33662e-06	-3.66608e-07	-6.55719e-07	-6.62293e-07	-1.22144e-06	0.0172465	-0.00963708	1.31351e+08	2.00551e+08	-0.00479272	-0.00473919	-0.000104941	-0.00543471	-0.00548919	-0.0101235
224	1.34221e-06	-3.68676e-07	-6.60277e-07	-6.66808e-07	-1.23037e-06	0.0175358	-0.00981027	1.33758e+08	2.03905e+08	-0.00487752	-0.00482284	-0.000109962	-0.00552168	-0.0055763	-0.0102892
225	1.34781e-06	-3.70744e-07	-6.64836e-07	-6.71324e-07	-1.2393e-06	0.0178274	-0.00998498	1.36188e+08	2.0729e+08	-0.00496316	-0.00490739	-0.000115174	-0.00560955	-0.00566429	-0.0104566
226	1.35338e-06	-3.72831e-07	-6.6932e-07	-6.75853e-07	-1.2482e-06	0.0181209	-0.0101618	1.38641e+08	2.10708e+08	-0.00504825	-0.00499276	-0.000120586	-0.0056977	-0.00575331	-0.0106255
227	1.35901e-06	-3.74916e-07	-6.73849e-07	-6.8037e-07	-1.25706e-06	0.0184176	-0.0103401	1.41118e+08	2.14158e+08	-0.00513496	-0.00507896	-0.000126196	-0.00578713	-0.00584313	-0.0107959
228	1.36465e-06	-3.77002e-07	-6.78377e-07	-6.84887e-07	-1.26592e-06	0.0187167	-0.0105199	1.43619e+08	2.17641e+08	-0.0052226	-0.00516608	-0.000132019	-0.00587746	-0.00593386	-0.010968
229	1.37038e-06	-3.79112e-07	-6.82885e-07	-6.89393e-07	-1.27468e-06	0.0190194	-0.0107021	1.46143e+08	2.21156e+08	-0.00531049	-0.00525351	-0.000138036	-0.00596852	-0.00602541	-0.0111409
230	1.37611e-06	-3.81221e-07	-6.87392e-07	-6.93899e-07	-1.28344e-06	0.0193246	-0.0108858	1.48692e+08	2.24705e+08	-0.00539922	-0.00534184	-0.000144279	-0.0060605	-0.00611788	-0.0113157
231	1.38185e-06	-3.83331e-07	-6.91899e-07	-6.98406e-07	-1.2922e-06	0.0196322	-0.0110713	1.51265e+08	2.28287e+08	-0.00548888	-0.00543119	-0.000150749	-0.0061534	-0.00621127	-0.0114922
232	1.38768e-06	-3.85447e-07	-6.96418e-07	-7.02914e-07	-1.30086e-06	0.0199436	-0.0112585	1.53862e+08	2.31902e+08	-0.0055797	-0.00552139	-0.000157437	-0.00624734	-0.00630561	-0.0116696
233	1.3935e-06	-3.87562e-07	-7.00937e-07	-7.07423e-07	-1.30952e-06	0.0202574	-0.0114474	1.56483e+08	2.35551e+08	-0.00567136	-0.00561262	-0.000164364	-0.0063422	-0.00640088	-0.0118487
234	1.39936e-06	-3.897e-07	-7.05433e-07	-7.11909e-07	-1.31814e-06	0.0205741	-0.0116387	1.59129e+08	2.39233e+08	-0.00576316	-0.00570398	-0.000171531	-0.00643779	-0.00649688	-0.0120294
235	1.40523e-06	-3.91838e-07	-7.09929e-07	-7.16395e-07	-1.32677e-06	0.0208933	-0.0118316	1.618e+08	2.4295e+08	-0.00585602	-0.00579625	-0.000178946	-0.00653431	-0.00659382	-0.0122118
236	1.41118e-06	-3.93977e-07	-7.14436e-07	-7.20904e-07	-1.3353e-06	0.0212163	-0.0120263	1.64495e+08	2.46701e+08	-0.00594986	-0.00588992	-0.000186601	-0.00663187	-0.00669191	-0.0123951
237	1.41713e-06	-3.96117e-07	-7.18942e-07	-7.25413e-07	-1.34383e-06	0.0215418	-0.0122227	1.67216e+08	2.50486e+08	-0.00604466	-0.00598438	-0.000194518	-0.00673038	-0.00679095	-0.0125803
238	1.42311e-06	-3.98281e-07	-7.23433e-07	-7.29891e-07	-1.35233e-06	0.0218703	-0.0124216	1.69962e+08	2.54306e+08	-0.00613981	-0.006079	-0.000202697	-0.00682969	-0.00689066	-0.0127669
239	1.42909e-06	-4.00445e-07	-7.27925e-07	-7.3437e-07	-1.36083e-06	0.0222014	-0.0126222	1.72733e+08	2.58161e+08	-0.00623579	-0.00617454	-0.00021115	-0.00692996	-0.00699132	-0.0129554
240	1.43515e-06	-4.0261e-07	-7.32438e-07	-7.38871e-07	-1.36924e-06	0.0225363	-0.0128245	1.7553e+08	2.62051e+08	-0.00633314	-0.0062714	-0.000219872	-0.0070314	-0.00709316	-0.0131447
241	1.44121e-06	-4.04784e-07	-7.36937e-07	-7.43363e-07	-1.37765e-06	0.0228739	-0.0130288	1.78353e+08	2.65975e+08	-0.00643113	-0.00636883	-0.000228872	-0.00713368	-0.00719588	-0.0133359
242	1.44728e-06	-4.06958e-07	-7.41437e-07	-7.47856e-07	-1.38606e-06	0.0232141	-0.0132349	1.81201e+08	2.69936e+08	-0.00652997	-0.00646732	-0.000238174	-0.00723692	-0.00729957	-0.0135289
243	1.45342e-06	-4.09154e-07	-7.45937e-07	-7.52342e-07	-1.39438e-06	0.0235581	-0.0134435	1.84076e+08	2.73932e+08	-0.00662937	-0.00656631	-0.000247751	-0.00734114	-0.00740417	-0.0137228
244	1.45956e-06	-4.1135e-07	-7.50437e-07	-7.56828e-07	-1.4027e-06	0.0239049	-0.0136538	1.86976e+08	2.77963e+08	-0.00672986	-0.00666608	-0.000257635	-0.00744634	-0.00750975	-0.0139185
245	1.46571e-06	-4.13546e-07	-7.54938e-07	-7.61314e-07	-1.41102e-06	0.0242543	-0.0138659	1.89903e+08	2.82031e+08	-0.00683121	-0.00676704	-0.00026784	-0.00755252	-0.00761631	-0.014116
246	1.47192e-06	-4.15759e-07	-7.59441e-07	-7.65814e-07	-1.41925e-06	0.0246076	-0.0140804	1.92856e+08	2.86135e+08	-0.00693326	-0.00686872	-0.000278337	-0.00765972	-0.007724	-0.0143146
247	1.47813e-06	-4.17972e-07	-7.63945e-07	-7.70313e-07	-1.42748e-06	0.0249636	-0.0142966	1.95836e+08	2.90275e+08	-0.00703629	-0.00697146	-0.000289165	-0.00776792	-0.00783267	-0.0145149
248	1.48436e-06	-4.20196e-07	-7.6844e-07	-7.74804e-07	-1.43569e-06	0.0253229	-0.0145151	1.98842e+08	2.94452e+08	-0.00714003	-0.00707485	-0.000300313	-0.00787703	-0.00794226	-0.0147167
249	1.49059e-06	-4.22421e-07	-7.72936e-07	-7.79295e-07	-1.44389e-06	0.0256849	-0.0147355	2.01875e+08	2.98666e+08	-0.00724463	-0.00717917	-0.000311812	-0.00798714	-0.00805285	-0.0149204
250	1.49688e-06	-4.24661e-07	-7.7745e-07	-7.83793e-07	-1.45201e-06	0.0260508	-0.0149581	2.04935e+08	3.02916e+08	-0.00735028	-0.00728424	-0.000323625	-0.00809844	-0.00816451	-0.0151251
# Source S1·R2 [input_traj copy.txt] (B=8.6e-11, Le=0, Lmu=-0.2, Ltau=0.2, eos=1, nf=3)
80	86.9485	-209.655	-132.399	-417.509	474.613	0.000994005	-456886	1.63494e+06	1.15582e+07	180417	-637312	8.66375	-180417	-1.67433e+06	2.31163e+06
81	87.319	-211.814	-133.784	-422.885	481.167	0.00103517	-481136	1.71788e+06	1.20369e+07	186729	-667877	11.646	-186729	-1.7395e+06	2.40736e+06
82	87.6786	-213.965	-135.165	-428.273	487.74	0.00107757	-506314	1.80414e+06	1.25298e+07	193175	-699505	15.5481	-193175	-1.80646e+06	2.50595e+06
83	88.0279	-216.108	-136.541	-433.675	494.333	0.00112122	-532448	1.89388e+06	1.30375e+07	199759	-732227	20.6218	-199759	-1.87527e+06	2.60748e+06
84	88.3674	-218.244	-137.912	-439.091	500.948	0.00116617	-559565	1.98723e+06	1.35602e+07	206481	-766073	27.1789	-206481	-1.94596e+06	2.71201e+06
85	88.6979	-220.373	-139.28	-444.524	507.588	0.00121246	-587701	2.08441e+06	1.40984e+07	213343	-801080	35.6048	-213343	-2.0186e+06	2.81964e+06
86	89.0187	-222.493	-140.643	-449.97	514.247	0.00126008	-616869	2.18533e+06	1.46521e+07	220344	-837259	46.3672	-220344	-2.09317e+06	2.93038e+06
87	89.5646	-224.606	-142.001	-455.432	520.929	0.00130909	-647106	2.29027e+06	1.5222e+07	227487	-874653	60.0424	-227487	-2.16974e+06	3.04433e+06
88	90.1425	-226.718	-143.359	-460.922	527.648	0.00135959	-678479	2.39982e+06	1.58092e+07	234781	-913338	77.3426	-234781	-2.2485e+06	3.16176e+06
89	90.6136	-228.827	-144.714	-466.437	534.4	0.0014116	-711017	2.51404e+06	1.6414e+07	242225	-953341	99.1173	-242225	-2.32945e+06	3.28269e+06
90	90.9798	-230.933	-146.068	-471.977	541.184	0.00146515	-744749	2.63304e+06	1.70366e+07	249819	-994694	126.391	-249819	-2.41264e+06	3.4072e+06
91	91.3046	-233.033	-147.418	-477.541	548.001	0.00152027	-779708	2.75695e+06	1.76776e+07	257563	-1.03743e+06	160.392	-257563	-2.49809e+06	3.53536e+06
92	91.6695	-235.131	-148.767	-483.133	554.853	0.00157703	-815942	2.88608e+06	1.83375e+07	265461	-1.08161e+06	202.603	-265461	-2.5859e+06	3.6673e+06
93	91.9437	-237.228	-150.115	-488.755	561.745	0.00163547	-853499	3.02075e+06	1.90171e+07	273516	-1.12727e+06	254.791	-273516	-2.67616e+06	3.80317e+06
94	92.2547	-239.323	-151.463	-494.411	568.679	0.00169568	-892430	3.16128e+06	1.97172e+07	281730	-1.17448e+06	319.067	-281730	-2.76896e+06	3.94312e+06
95	92.5222	-241.418	-152.81	-500.101	575.658	0.0017577	-932784	3.30795e+06	2.04383e+07	290107	-1.22329e+06	397.928	-290107	-2.86438e+06	4.08727e+06
96	92.7492	-243.514	-154.157	-505.83	582.683	0.00182159	-974614	3.4611e+06	2.11813e+07	298649	-1.27376e+06	494.337	-298649	-2.96251e+06	4.23577e+06
97	92.9405	-245.611	-155.505	-511.598	589.759	0.00188745	-1.01798e+06	3.62109e+06	2.1947e+07	307359	-1.32595e+06	611.799	-307359	-3.06346e+06	4.3888e+06
98	93.1014	-247.71	-156.854	-517.41	596.887	0.00195532	-1.06294e+06	3.7883e+06	2.27363e+07	316239	-1.37993e+06	754.439	-316239	-3.16733e+06	4.5465e+06
99	93.2377	-249.811	-158.205	-523.268	604.072	0.0020253	-1.10955e+06	3.96314e+06	2.355e+07	325294	-1.43577e+06	927.121	-325294	-3.27423e+06	4.70908e+06
100	93.3535	-251.913	-159.556	-529.167	611.308	0.00209741	-1.15786e+06	4.14561e+06	2.43884e+07	334520	-1.49351e+06	1135.41	-334520	-3.38417e+06	4.87655e+06
101	93.4842	-254.099	-160.955	-535.146	618.603	0.00217175	-1.20727e+06	4.33623e+06	2.52529e+07	344066	-1.55272e+06	1387.12	-344066	-3.49785e+06	5.04919e+06
102	93.5657	-256.182	-162.295	-541.082	625.891	0.00224779	-1.2588e+06	4.53188e+06	2.61371e+07	353607	-1.6141e+06	1686.46	-353607	-3.61332e+06	5.22573e+06
103	93.705	-258.446	-163.741	-547.453	633.643	0.00233001	-1.31423e+06	4.75951e+06	2.70931e+07	363655	-1.67994e+06	2055.79	-363655	-3.73868e+06	5.41657e+06
104	93.6066	-260.062	-164.806	-552.473	639.997	0.00240063	-1.36419e+06	4.91122e+06	2.79144e+07	372681	-1.73932e+06	2448.23	-372681	-3.84355e+06	5.58042e+06
105	94.5546	-264.624	-167.601	-563.919	653.06	0.00253981	-1.45137e+06	5.4742e+06	2.95327e+07	387468	-1.84203e+06	3186.21	-387468	-4.06451e+06	5.90335e+06
106	94.7153	-266.99	-169.107	-571.133	661.83	0.00263963	-1.52089e+06	5.79282e+06	3.06933e+07	398344	-1.92311e+06	3881.71	-398344	-4.21555e+06	6.13478e+06
107	94.032	-266.941	-169.194	-572.783	664.719	0.00268	-1.55721e+06	5.74196e+06	3.11627e+07	404641	-1.96622e+06	4360.77	-404641	-4.26633e+06	6.22819e+06
108	94.437	-269.292	-170.691	-579.696	673.105	0.00277937	-1.62601e+06	6.04494e+06	3.23183e+07	415805	-2.04708e+06	5259.99	-415805	-4.41658e+06	6.4584e+06
109	94.6449	-271.061	-171.846	-585.357	680.186	0.00286691	-1.68895e+06	6.26935e+06	3.33361e+07	425980	-2.12115e+06	6215.19	-425980	-4.54608e+06	6.66101e+06
110	94.9002	-272.965	-173.079	-591.333	687.596	0.00296	-1.75547e+06	6.52108e+06	3.44186e+07	436599	-2.19942e+06	7353.55	-436599	-4.68429e+06	6.87636e+06
111	95.1229	-274.815	-174.282	-597.206	694.898	0.0030539	-1.82294e+06	6.77103e+06	3.55105e+07	447281	-2.27889e+06	8662.62	-447281	-4.82321e+06	7.09343e+06
112	95.3738	-276.668	-175.485	-603.095	702.213	0.00314999	-1.89208e+06	7.02739e+06	3.66278e+07	458140	-2.3604e+06	10177.7	-458140	-4.96516e+06	7.31538e+06
113	95.6203	-278.425	-176.632	-608.772	709.302	0.00324547	-1.96128e+06	7.27286e+06	3.7738e+07	468960	-2.44213e+06	11891.4	-468960	-5.10546e+06	7.53571e+06
114	95.9322	-280.271	-177.832	-614.653	716.598	0.00334545	-2.03336e+06	7.53845e+06	3.89006e+07	480151	-2.5274e+06	13893.5	-480151	-5.25271e+06	7.76622e+06
115	96.2844	-282.122	-179.033	-620.54	723.893	0.00344755	-2.10693e+06	7.80933e+06	4.00877e+07	491526	-2.61465e+06	16191.3	-491526	-5.4029e+06	8.00136e+06
116	96.6805	-283.98	-180.24	-626.438	731.19	0.00355184	-2.18199e+06	8.08574e+06	4.13005e+07	503097	-2.70391e+06	18823.4	-503097	-5.55618e+06	8.24127e+06
117	97.1283	-285.851	-181.453	-632.353	738.494	0.00365843	-2.25854e+06	8.368e+06	4.25398e+07	514875	-2.79525e+06	21833.1	-514875	-5.71272e+06	8.48613e+06
118	97.6229	-287.737	-182.676	-638.292	745.808	0.0037674	-2.33657e+06	8.65643e+06	4.3807e+07	526872	-2.88871e+06	25269.1	-526872	-5.8727e+06	8.73614e+06
119	98.1653	-289.643	-183.91	-644.257	753.136	0.00387886	-2.41605e+06	8.95121e+06	4.5103e+07	539100	-2.98433e+06	29185.2	-539100	-6.03626e+06	8.99141e+06
120	98.756	-291.571	-185.157	-650.255	760.481	0.0039929	-2.49699e+06	9.25276e+06	4.64291e+07	551571	-3.0822e+06	33642.6	-551571	-6.20362e+06	9.25218e+06
121	99.3955	-293.536	-186.426	-656.314	767.872	0.00410999	-2.57955e+06	9.56339e+06	4.77906e+07	564323	-3.18259e+06	38719.6	-564323	-6.37552e+06	9.5194e+06
122	100.075	-295.547	-187.722	-662.459	775.332	0.00423057	-2.66394e+06	9.88545e+06	4.91927e+07	577387	-3.28583e+06	44507.6	-577387	-6.5527e+06	9.79403e+06
123	100.781	-297.606	-189.046	-668.693	782.865	0.00435479	-2.75016e+06	1.02194e+07	5.0637e+07	590771	-3.39203e+06	51099.6	-590771	-6.73538e+06	1.00763e+07
124	101.504	-299.712	-190.398	-675.017	790.468	0.00448276	-2.83819e+06	1.05654e+07	5.2125e+07	604483	-3.50127e+06	58598.9	-604483	-6.92374e+06	1.03664e+07
125	102.234	-301.865	-191.777	-681.432	798.143	0.0046146	-2.92802e+06	1.09238e+07	5.36581e+07	618529	-3.61367e+06	67120.6	-618529	-7.11795e+06	1.06645e+07
126	102.966	-304.064	-193.184	-687.938	805.887	0.00475043	-3.01961e+06	1.12947e+07	5.52376e+07	632913	-3.72932e+06	76793.3	-632913	-7.3182e+06	1.09707e+07
127	103.694	-306.308	-194.617	-694.537	813.699	0.00489039	-3.11293e+06	1.16783e+07	5.6865e+07	647642	-3.84833e+06	87759.6	-647642	-7.52467e+06	1.12852e+07
128	104.412	-308.596	-196.077	-701.228	821.578	0.0050346	-3.20791e+06	1.20748e+07	5.85418e+07	662721	-3.97081e+06	100178	-662721	-7.73755e+06	1.16082e+07
129	105.118	-310.928	-197.562	-708.011	829.521	0.00518318	-3.3045e+06	1.24842e+07	6.02695e+07	678154	-4.09688e+06	114223	-678154	-7.95702e+06	1.19397e+07
130	105.809	-313.303	-199.073	-714.888	837.528	0.00533628	-3.40262e+06	1.29068e+07	6.20497e+07	693945	-4.22665e+06	130090	-693945	-8.18329e+06	1.22799e+07
131	106.481	-315.726	-200.612	-721.876	845.615	0.00549436	-3.50235e+06	1.33445e+07	6.38879e+07	710122	-4.3605e+06	148021	-710122	-8.41708e+06	1.26296e+07
132	107.115	-318.203	-202.183	-728.994	853.796	0.00565792	-3.6038e+06	1.37995e+07	6.57897e+07	726705	-4.4988e+06	168295	-726705	-8.65914e+06	1.29896e+07
133	107.688	-320.731	-203.784	-736.239	862.07	0.00582713	-3.70687e+06	1.42719e+07	6.77574e+07	743696	-4.64176e+06	191191	-743696	-8.90971e+06	1.33603e+07
134	108.183	-323.306	-205.412	-743.611	870.432	0.00600219	-3.81144e+06	1.47618e+07	6.97928e+07	761093	-4.78955e+06	217018	-761093	-9.16901e+06	1.37415e+07
135	108.583	-325.926	-207.068	-751.111	878.88	0.00618331	-3.91741e+06	1.52697e+07	7.18989e+07	778896	-4.94242e+06	246120	-778896	-9.43735e+06	1.41337e+07
136	108.866	-328.587	-208.747	-758.739	887.412	0.00637073	-4.02464e+06	1.5796e+07	7.40783e+07	797105	-5.10062e+06	278874	-797105	-9.71503e+06	1.45368e+07
137	109.01	-331.284	-210.448	-766.491	896.021	0.00656462	-4.13295e+06	1.63405e+07	7.63327e+07	815708	-5.26434e+06	315678	-815708	-1.00022e+07	1.49509e+07
138	109	-334.011	-212.166	-774.361	904.697	0.00676508	-4.24212e+06	1.69029e+07	7.86637e+07	834696	-5.43377e+06	356956	-834696	-1.0299e+07	1.53758e+07
139	108.823	-336.762	-213.899	-782.343	913.431	0.00697224	-4.35188e+06	1.74827e+07	8.10725e+07	854053	-5.60909e+06	403159	-854053	-1.06054e+07	1.58113e+07
140	108.472	-339.531	-215.642	-790.433	922.216	0.00718624	-4.46199e+06	1.80798e+07	8.3561e+07	873766	-5.79053e+06	454774	-873766	-1.09217e+07	1.62574e+07
141	107.955	-342.34	-217.409	-798.7	931.118	0.00740893	-4.57296e+06	1.87034e+07	8.61503e+07	893917	-5.97957e+06	512687	-893917	-1.12505e+07	1.67174e+07
142	107.295	-345.209	-219.211	-807.217	940.207	0.00764235	-4.68539e+06	1.93633e+07	8.88645e+07	914577	-6.17795e+06	577981	-914577	-1.1595e+07	1.71949e+07
143	106.504	-348.126	-221.041	-815.98	949.476	0.00788703	-4.79911e+06	2.00613e+07	9.17097e+07	935721	-6.38634e+06	651516	-935721	-1.19556e+07	1.76904e+07
144	105.593	-351.079	-222.892	-824.984	958.919	0.00814344	-4.91387e+06	2.07985e+07	9.46912e+07	957313	-6.60538e+06	734205	-957313	-1.23328e+07	1.8204e+07
145	104.569	-354.054	-224.757	-834.225	968.525	0.00841205	-5.02942e+06	2.15762e+07	9.78145e+07	979315	-6.83576e+06	827026	-979315	-1.27271e+07	1.87359e+07
146	103.435	-357.035	-226.625	-843.686	978.279	0.00869315	-5.14543e+06	2.23949e+07	1.01083e+08	1.00167e+06	-7.07806e+06	930954	-1.00167e+06	-1.31386e+07	1.92857e+07
147	102.197	-360.003	-228.485	-853.348	988.157	0.00898689	-5.26149e+06	2.32544e+07	1.04499e+08	1.02432e+06	-7.33275e+06	1.04695e+06	-1.02432e+06	-1.3567e+07	1.98528e+07
148	100.86	-362.944	-230.329	-863.198	998.145	0.0092936	-5.37726e+06	2.41556e+07	1.08065e+08	1.0472e+06	-7.60051e+06	1.17605e+06	-1.0472e+06	-1.40125e+07	2.0437e+07
149	99.4323	-365.842	-232.148	-873.227	1008.23	0.00961367	-5.49244e+06	2.50998e+07	1.11787e+08	1.07026e+06	-7.88205e+06	1.31935e+06	-1.07026e+06	-1.44753e+07	2.1038e+07
150	97.9159	-368.682	-233.933	-883.419	1018.41	0.00994739	-5.60674e+06	2.60884e+07	1.15667e+08	1.09343e+06	-8.17806e+06	1.47789e+06	-1.09343e+06	-1.49554e+07	2.16556e+07
151	96.3125	-371.439	-235.668	-893.726	1028.61	0.010294	-5.71953e+06	2.71172e+07	1.19698e+08	1.11661e+06	-8.48837e+06	1.65224e+06	-1.11661e+06	-1.54512e+07	2.22873e+07
152	94.639	-374.091	-237.342	-904.1	1038.82	0.0106527	-5.83023e+06	2.81823e+07	1.23868e+08	1.1397e+06	-8.81274e+06	1.84282e+06	-1.1397e+06	-1.59609e+07	2.29309e+07
153	92.9156	-376.628	-238.948	-914.532	1049.01	0.0110236	-5.93865e+06	2.92848e+07	1.28181e+08	1.16264e+06	-9.15168e+06	2.05039e+06	-1.16264e+06	-1.64846e+07	2.35859e+07
154	91.1594	-379.043	-240.483	-925.009	1059.17	0.0114068	-6.04464e+06	3.04261e+07	1.32638e+08	1.1854e+06	-9.5057e+06	2.27566e+06	-1.1854e+06	-1.70218e+07	2.42519e+07
155	89.3845	-381.328	-241.94	-935.521	1069.3	0.0118025	-6.14809e+06	3.16075e+07	1.37238e+08	1.20792e+06	-9.87525e+06	2.51924e+06	-1.20792e+06	-1.75724e+07	2.49284e+07
156	87.6023	-383.477	-243.318	-946.054	1079.4	0.0122106	-6.24895e+06	3.28299e+07	1.41983e+08	1.23016e+06	-1.02607e+07	2.78164e+06	-1.23016e+06	-1.81359e+07	2.5615e+07
157	85.8228	-385.483	-244.611	-956.596	1089.44	0.012631	-6.34719e+06	3.40943e+07	1.46872e+08	1.25206e+06	-1.06625e+07	3.06325e+06	-1.25206e+06	-1.87119e+07	2.63112e+07
158	84.0541	-387.34	-245.817	-967.131	1099.44	0.0130636	-6.44287e+06	3.54014e+07	1.51903e+08	1.27359e+06	-1.10808e+07	3.36434e+06	-1.27359e+06	-1.92997e+07	2.70162e+07
159	82.3033	-389.045	-246.933	-977.645	1109.36	0.0135083	-6.53607e+06	3.67516e+07	1.57073e+08	1.29472e+06	-1.15158e+07	3.68503e+06	-1.29472e+06	-1.98988e+07	2.77296e+07
160	80.576	-390.593	-247.956	-988.121	1119.22	0.0139645	-6.6269e+06	3.81445e+07	1.62378e+08	1.31539e+06	-1.19675e+07	4.02525e+06	-1.31539e+06	-2.05082e+07	2.84504e+07
161	78.8729	-391.966	-248.876	-998.458	1128.91	0.0144288	-6.71499e+06	3.95633e+07	1.67776e+08	1.3355e+06	-1.24329e+07	4.38243e+06	-1.3355e+06	-2.11224e+07	2.91729e+07
162	77.1927	-393.152	-249.685	-1008.57	1138.37	0.0148972	-6.8e+06	4.09902e+07	1.73223e+08	1.35499e+06	-1.29085e+07	4.75353e+06	-1.35499e+06	-2.1736e+07	2.9891e+07
163	75.5381	-394.161	-250.39	-1018.44	1147.6	0.015369	-6.88217e+06	4.24231e+07	1.7871e+08	1.37386e+06	-1.33937e+07	5.13766e+06	-1.37386e+06	-2.23482e+07	3.06043e+07
164	73.9125	-395.003	-250.996	-1028.08	1156.6	0.0158439	-6.96176e+06	4.38607e+07	1.84232e+08	1.39216e+06	-1.38879e+07	5.534e+06	-1.39216e+06	-2.29585e+07	3.13124e+07
165	72.3198	-395.692	-251.51	-1037.5	1165.38	0.0163215	-7.03902e+06	4.53016e+07	1.89785e+08	1.40989e+06	-1.43907e+07	5.94181e+06	-1.40989e+06	-2.35663e+07	3.20152e+07
166	70.7639	-396.236	-251.939	-1046.69	1173.95	0.0168014	-7.11418e+06	4.67449e+07	1.95365e+08	1.42711e+06	-1.49017e+07	6.36038e+06	-1.42711e+06	-2.41713e+07	3.27126e+07
167	69.2484	-396.647	-252.287	-1055.66	1182.31	0.0172833	-7.18748e+06	4.81898e+07	2.00969e+08	1.44384e+06	-1.54204e+07	6.78905e+06	-1.44384e+06	-2.47734e+07	3.34048e+07
168	67.777	-396.935	-252.562	-1064.42	1190.48	0.0177671	-7.25913e+06	4.96354e+07	2.06594e+08	1.46011e+06	-1.59465e+07	7.22721e+06	-1.46011e+06	-2.53724e+07	3.40916e+07
169	66.3534	-397.109	-252.77	-1072.98	1198.46	0.0182525	-7.32931e+06	5.10811e+07	2.12238e+08	1.47595e+06	-1.64796e+07	7.67431e+06	-1.47595e+06	-2.5968e+07	3.47733e+07
170	64.9815	-397.18	-252.914	-1081.34	1206.26	0.0187393	-7.39818e+06	5.25264e+07	2.17899e+08	1.49139e+06	-1.70194e+07	8.12986e+06	-1.49139e+06	-2.65604e+07	3.545e+07
171	63.6643	-397.159	-253.003	-1089.54	1213.92	0.0192291	-7.46602e+06	5.39786e+07	2.23594e+08	1.50649e+06	-1.75673e+07	8.5948e+06	-1.50649e+06	-2.71515e+07	3.6124e+07
172	62.3981	-397.057	-253.043	-1097.62	1221.47	0.0197231	-7.5331e+06	5.5445e+07	2.29338e+08	1.52128e+06	-1.81245e+07	9.07016e+06	-1.52128e+06	-2.77431e+07	3.67975e+07
173	61.1774	-396.879	-253.036	-1105.58	1228.91	0.0202213	-7.59955e+06	5.69252e+07	2.35131e+08	1.53577e+06	-1.86909e+07	9.55562e+06	-1.53577e+06	-2.83352e+07	3.74706e+07
174	59.9972	-396.629	-252.985	-1113.43	1236.24	0.0207235	-7.66547e+06	5.84189e+07	2.40971e+08	1.54999e+06	-1.92663e+07	1.00509e+07	-1.54999e+06	-2.89278e+07	3.81432e+07
175	58.8531	-396.313	-252.894	-1121.15	1243.48	0.0212296	-7.73097e+06	5.99256e+07	2.46856e+08	1.56394e+06	-1.98506e+07	1.05557e+07	-1.56394e+06	-2.95207e+07	3.88156e+07
176	57.7414	-395.936	-252.764	-1128.77	1250.62	0.0217397	-7.79615e+06	6.14451e+07	2.52787e+08	1.57764e+06	-2.04435e+07	1.10697e+07	-1.57764e+06	-3.01139e+07	3.94876e+07
177	56.6585	-395.501	-252.599	-1136.28	1257.67	0.0222535	-7.86108e+06	6.29771e+07	2.58762e+08	1.59112e+06	-2.1045e+07	1.15928e+07	-1.59112e+06	-3.07073e+07	4.01595e+07
178	55.6015	-395.012	-252.4	-1143.68	1264.62	0.0227711	-7.92584e+06	6.45212e+07	2.6478e+08	1.60437e+06	-2.16549e+07	1.21247e+07	-1.60437e+06	-3.13011e+07	4.08313e+07
179	54.5677	-394.474	-252.17	-1150.98	1271.5	0.0232924	-7.99048e+06	6.60775e+07	2.70842e+08	1.61742e+06	-2.22732e+07	1.26653e+07	-1.61742e+06	-3.18952e+07	4.15031e+07
180	53.5548	-393.891	-251.911	-1158.19	1278.29	0.0238174	-8.05506e+06	6.76456e+07	2.76947e+08	1.63027e+06	-2.28997e+07	1.32144e+07	-1.63027e+06	-3.24897e+07	4.2175e+07
181	52.5613	-393.265	-251.625	-1165.3	1285	0.0243461	-8.11963e+06	6.92253e+07	2.83094e+08	1.64295e+06	-2.35344e+07	1.37718e+07	-1.64295e+06	-3.30845e+07	4.2847e+07
182	51.5869	-392.599	-251.314	-1172.32	1291.63	0.0248784	-8.1842e+06	7.08163e+07	2.89283e+08	1.65546e+06	-2.4177e+07	1.43374e+07	-1.65546e+06	-3.36797e+07	4.35193e+07
183	50.632	-391.898	-250.98	-1179.26	1298.19	0.0254143	-8.2488e+06	7.24187e+07	2.95515e+08	1.66782e+06	-2.48276e+07	1.4911e+07	-1.66782e+06	-3.42754e+07	4.4192e+07
184	49.6968	-391.164	-250.624	-1186.11	1304.69	0.0259539	-8.31346e+06	7.40324e+07	3.01789e+08	1.68003e+06	-2.54862e+07	1.54927e+07	-1.68003e+06	-3.48716e+07	4.48651e+07
185	48.7815	-390.4	-250.249	-1192.88	1311.11	0.0264971	-8.37819e+06	7.56576e+07	3.08106e+08	1.6921e+06	-2.61526e+07	1.60824e+07	-1.6921e+06	-3.54686e+07	4.55389e+07
186	47.8865	-389.608	-249.855	-1199.58	1317.48	0.0270443	-8.443e+06	7.72956e+07	3.14469e+08	1.70406e+06	-2.68272e+07	1.66802e+07	-1.70406e+06	-3.60666e+07	4.62136e+07
187	47.0121	-388.792	-249.444	-1206.21	1323.79	0.0275957	-8.50791e+06	7.89474e+07	3.20881e+08	1.7159e+06	-2.75101e+07	1.72863e+07	-1.7159e+06	-3.6666e+07	4.68898e+07
188	46.1587	-387.952	-249.018	-1212.78	1330.04	0.0281513	-8.57293e+06	8.06132e+07	3.27341e+08	1.72764e+06	-2.82014e+07	1.79008e+07	-1.72764e+06	-3.72669e+07	4.75674e+07
189	45.3266	-387.091	-248.577	-1219.29	1336.25	0.0287112	-8.63808e+06	8.22931e+07	3.33851e+08	1.73928e+06	-2.89009e+07	1.85236e+07	-1.73928e+06	-3.78693e+07	4.82466e+07
190	44.5161	-386.211	-248.123	-1225.74	1342.41	0.0292753	-8.70337e+06	8.39871e+07	3.4041e+08	1.75083e+06	-2.96088e+07	1.91546e+07	-1.75083e+06	-3.84733e+07	4.89275e+07
191	43.7275	-385.314	-247.656	-1232.13	1348.51	0.0298438	-8.76878e+06	8.56957e+07	3.47021e+08	1.7623e+06	-3.0325e+07	1.97939e+07	-1.7623e+06	-3.90792e+07	4.96102e+07
192	42.9597	-384.4	-247.178	-1238.47	1354.58	0.0304167	-8.83434e+06	8.74193e+07	3.53683e+08	1.77368e+06	-3.10496e+07	2.04416e+07	-1.77368e+06	-3.9687e+07	5.0295e+07
193	42.2115	-383.472	-246.689	-1244.76	1360.61	0.0309942	-8.90003e+06	8.91581e+07	3.60398e+08	1.785e+06	-3.17828e+07	2.10977e+07	-1.785e+06	-4.02968e+07	5.09818e+07
194	41.4815	-382.53	-246.191	-1251	1366.59	0.0315762	-8.96585e+06	9.09122e+07	3.67165e+08	1.79625e+06	-3.25243e+07	2.17622e+07	-1.79625e+06	-4.09087e+07	5.16708e+07
195	40.7687	-381.576	-245.683	-1257.2	1372.54	0.0321628	-9.03181e+06	9.26816e+07	3.73986e+08	1.80744e+06	-3.32744e+07	2.24351e+07	-1.80744e+06	-4.15228e+07	5.23621e+07
196	40.0719	-380.611	-245.167	-1263.35	1378.44	0.032754	-9.09789e+06	9.44664e+07	3.8086e+08	1.81857e+06	-3.40329e+07	2.31164e+07	-1.81857e+06	-4.21392e+07	5.30557e+07
197	39.3902	-379.637	-244.643	-1269.46	1384.32	0.0333498	-9.16409e+06	9.62667e+07	3.87789e+08	1.82965e+06	-3.47999e+07	2.38061e+07	-1.82965e+06	-4.27579e+07	5.37516e+07
198	38.7226	-378.653	-244.112	-1275.53	1390.15	0.0339504	-9.2304e+06	9.80827e+07	3.94772e+08	1.84068e+06	-3.55754e+07	2.45043e+07	-1.84068e+06	-4.3379e+07	5.445e+07
199	38.0682	-377.662	-243.574	-1281.56	1395.96	0.0345556	-9.2968e+06	9.99146e+07	4.01809e+08	1.85166e+06	-3.63594e+07	2.52109e+07	-1.85166e+06	-4.40025e+07	5.5151e+07
200	37.4261	-376.664	-243.031	-1287.55	1401.73	0.0351656	-9.36329e+06	1.01762e+08	4.08903e+08	1.86261e+06	-3.71519e+07	2.5926e+07	-1.86261e+06	-4.46286e+07	5.58545e+07
201	36.7955	-375.66	-242.482	-1293.51	1407.47	0.0357807	-9.42985e+06	1.03627e+08	4.16054e+08	1.87352e+06	-3.79532e+07	2.66499e+07	-1.87352e+06	-4.52576e+07	5.6561e+07
202	36.1758	-374.651	-241.929	-1299.44	1413.19	0.036401	-9.49649e+06	1.05511e+08	4.23268e+08	1.8844e+06	-3.87637e+07	2.73828e+07	-1.8844e+06	-4.58898e+07	5.72707e+07
203	35.5662	-373.638	-241.371	-1305.35	1418.89	0.0370267	-9.56319e+06	1.07414e+08	4.30543e+08	1.89524e+06	-3.95834e+07	2.81249e+07	-1.89524e+06	-4.65253e+07	5.79837e+07
204	34.966	-372.62	-240.809	-1311.22	1424.56	0.0376578	-9.62995e+06	1.09336e+08	4.37882e+08	1.90606e+06	-4.04122e+07	2.88762e+07	-1.90606e+06	-4.71641e+07	5.87001e+07
205	34.3747	-371.599	-240.243	-1317.07	1430.21	0.0382944	-9.69677e+06	1.11277e+08	4.45283e+08	1.91686e+06	-4.12503e+07	2.96367e+07	-1.91686e+06	-4.78064e+07	5.942e+07
206	33.7917	-370.576	-239.674	-1322.9	1435.84	0.0389364	-9.76365e+06	1.13238e+08	4.52749e+08	1.92763e+06	-4.20977e+07	3.04064e+07	-1.92763e+06	-4.84521e+07	6.01434e+07
207	33.2172	-369.55	-239.102	-1328.7	1441.45	0.039584	-9.83056e+06	1.15219e+08	4.60279e+08	1.93838e+06	-4.29544e+07	3.11854e+07	-1.93838e+06	-4.91013e+07	6.08703e+07
208	32.6512	-368.522	-238.528	-1334.48	1447.04	0.0402371	-9.89751e+06	1.17219e+08	4.67873e+08	1.94912e+06	-4.38205e+07	3.19738e+07	-1.94912e+06	-4.97542e+07	6.16008e+07
209	32.0939	-367.493	-237.95	-1340.24	1452.61	0.0408959	-9.96449e+06	1.1924e+08	4.75534e+08	1.95983e+06	-4.4696e+07	3.27716e+07	-1.95983e+06	-5.04107e+07	6.23351e+07
210	31.5454	-366.462	-237.371	-1345.98	1458.16	0.0415604	-1.00315e+07	1.21281e+08	4.8326e+08	1.97053e+06	-4.5581e+07	3.35789e+07	-1.97053e+06	-5.10711e+07	6.30731e+07
211	31.0057	-365.432	-236.79	-1351.7	1463.69	0.0422306	-1.00985e+07	1.23343e+08	4.91054e+08	1.98122e+06	-4.64756e+07	3.43958e+07	-1.98122e+06	-5.17352e+07	6.38149e+07
212	30.475	-364.4	-236.207	-1357.4	1469.21	0.0429067	-1.01655e+07	1.25426e+08	4.98915e+08	1.9919e+06	-4.73798e+07	3.52223e+07	-1.9919e+06	-5.24033e+07	6.45607e+07
213	29.9531	-363.369	-235.623	-1363.09	1474.72	0.0435887	-1.02326e+07	1.27531e+08	5.06846e+08	2.00256e+06	-4.82937e+07	3.60586e+07	-2.00256e+06	-5.30754e+07	6.53105e+07
214	29.44	-362.339	-235.037	-1368.76	1480.21	0.0442767	-1.02996e+07	1.29657e+08	5.14845e+08	2.01322e+06	-4.92175e+07	3.69046e+07	-2.01322e+06	-5.37516e+07	6.60644e+07
215	28.9357	-361.309	-234.45	-1374.41	1485.68	0.0449707	-1.03667e+07	1.31805e+08	5.22915e+08	2.02386e+06	-5.01511e+07	3.77606e+07	-2.02386e+06	-5.44319e+07	6.68224e+07
216	28.4401	-360.28	-233.863	-1380.05	1491.14	0.0456708	-1.04337e+07	1.33976e+08	5.31055e+08	2.0345e+06	-5.10946e+07	3.86264e+07	-2.0345e+06	-5.51165e+07	6.75847e+07
217	27.9531	-359.252	-233.274	-1385.68	1496.59	0.046377	-1.05007e+07	1.36169e+08	5.39267e+08	2.04514e+06	-5.20482e+07	3.95023e+07	-2.04514e+06	-5.58053e+07	6.83512e+07
218	27.4748	-358.225	-232.685	-1391.29	1502.03	0.0470894	-1.05677e+07	1.38385e+08	5.47552e+08	2.05577e+06	-5.30118e+07	4.03883e+07	-2.05577e+06	-5.64985e+07	6.9122e+07
219	27.005	-357.2	-232.096	-1396.9	1507.46	0.0478081	-1.06347e+07	1.40624e+08	5.55909e+08	2.06639e+06	-5.39856e+07	4.12844e+07	-2.06639e+06	-5.71962e+07	6.98973e+07
220	26.5436	-356.176	-231.506	-1402.49	1512.87	0.0485332	-1.07017e+07	1.42887e+08	5.64339e+08	2.07701e+06	-5.49696e+07	4.21908e+07	-2.07701e+06	-5.78983e+07	7.06771e+07
221	26.0905	-355.154	-230.917	-1408.07	1518.28	0.0492646	-1.07687e+07	1.45173e+08	5.72844e+08	2.08763e+06	-5.59639e+07	4.31075e+07	-2.08763e+06	-5.8605e+07	7.14614e+07
222	25.6457	-354.134	-230.327	-1413.64	1523.68	0.0500025	-1.08357e+07	1.47483e+08	5.81424e+08	2.09824e+06	-5.69685e+07	4.40346e+07	-2.09824e+06	-5.93164e+07	7.22503e+07
223	25.2091	-353.117	-229.737	-1419.2	1529.06	0.0507469	-1.09026e+07	1.49818e+08	5.9008e+08	2.10885e+06	-5.79837e+07	4.49722e+07	-2.10885e+06	-6.00324e+07	7.30439e+07
224	24.7805	-352.101	-229.147	-1424.75	1534.44	0.0514979	-1.09696e+07	1.52178e+08	5.98812e+08	2.11946e+06	-5.90093e+07	4.59203e+07	-2.11946e+06	-6.07531e+07	7.38422e+07
225	24.3599	-351.088	-228.557	-1430.29	1539.82	0.0522555	-1.10365e+07	1.54562e+08	6.07622e+08	2.13007e+06	-6.00456e+07	4.6879e+07	-2.13007e+06	-6.14787e+07	7.46453e+07
226	23.9472	-350.077	-227.968	-1435.82	1545.18	0.0530197	-1.11035e+07	1.56972e+08	6.16509e+08	2.14068e+06	-6.10926e+07	4.78484e+07	-2.14068e+06	-6.22091e+07	7.54533e+07
227	23.5423	-349.068	-227.378	-1441.35	1550.54	0.0537908	-1.11705e+07	1.59407e+08	6.25474e+08	2.15128e+06	-6.21503e+07	4.88286e+07	-2.15128e+06	-6.29445e+07	7.62662e+07
228	23.1451	-348.062	-226.79	-1446.87	1555.89	0.0545686	-1.12374e+07	1.61868e+08	6.34519e+08	2.16188e+06	-6.32189e+07	4.98196e+07	-2.16188e+06	-6.36848e+07	7.70841e+07
229	22.7553	-347.059	-226.201	-1452.38	1561.23	0.0553533	-1.13044e+07	1.64356e+08	6.43643e+08	2.17248e+06	-6.42984e+07	5.08215e+07	-2.17248e+06	-6.44302e+07	7.7907e+07
230	22.3731	-346.058	-225.613	-1457.89	1566.57	0.0561449	-1.13714e+07	1.66869e+08	6.52848e+08	2.18308e+06	-6.53889e+07	5.18344e+07	-2.18308e+06	-6.51806e+07	7.87351e+07
231	21.9981	-345.059	-225.026	-1463.39	1571.9	0.0569431	-1.14385e+07	1.69407e+08	6.6213e+08	2.19368e+06	-6.64901e+07	5.28579e+07	-2.19368e+06	-6.59358e+07	7.9568e+07
232	21.6304	-344.064	-224.439	-1468.88	1577.22	0.0577478	-1.15055e+07	1.71969e+08	6.71486e+08	2.20428e+06	-6.76016e+07	5.38918e+07	-2.20428e+06	-6.66956e+07	8.04054e+07
233	21.2698	-343.071	-223.853	-1474.36	1582.54	0.0585589	-1.15726e+07	1.74554e+08	6.80917e+08	2.21488e+06	-6.87234e+07	5.4936e+07	-2.21488e+06	-6.746e+07	8.12474e+07
234	20.9161	-342.082	-223.267	-1479.82	1587.84	0.0593764	-1.16397e+07	1.77162e+08	6.90423e+08	2.22548e+06	-6.98557e+07	5.59906e+07	-2.22548e+06	-6.8229e+07	8.20941e+07
235	20.5693	-341.095	-222.683	-1485.28	1593.13	0.0602005	-1.17067e+07	1.79794e+08	7.00006e+08	2.23608e+06	-7.09985e+07	5.70557e+07	-2.23608e+06	-6.90026e+07	8.29455e+07
236	20.2292	-340.112	-222.1	-1490.73	1598.42	0.0610312	-1.17738e+07	1.8245e+08	7.09665e+08	2.24669e+06	-7.21519e+07	5.81314e+07	-2.24669e+06	-6.97811e+07	8.38016e+07
237	19.8958	-339.132	-221.517	-1496.17	1603.7	0.0618686	-1.18409e+07	1.85132e+08	7.19403e+08	2.25729e+06	-7.33161e+07	5.92179e+07	-2.25729e+06	-7.05645e+07	8.46627e+07
238	19.5688	-338.156	-220.936	-1501.61	1608.97	0.0627128	-1.19079e+07	1.87838e+08	7.29219e+08	2.2679e+06	-7.4491e+07	6.03152e+07	-2.2679e+06	-7.13528e+07	8.55286e+07
239	19.2482	-337.183	-220.356	-1507.04	1614.24	0.0635639	-1.1975e+07	1.90569e+08	7.39115e+08	2.27851e+06	-7.56768e+07	6.14233e+07	-2.27851e+06	-7.21461e+07	8.63996e+07
240	18.9339	-336.214	-219.777	-1512.46	1619.5	0.0644217	-1.2042e+07	1.93326e+08	7.4909e+08	2.28913e+06	-7.68735e+07	6.25424e+07	-2.28913e+06	-7.29444e+07	8.72755e+07
241	18.6257	-335.248	-219.2	-1517.87	1624.75	0.0652865	-1.2109e+07	1.96108e+08	7.59145e+08	2.29975e+06	-7.80812e+07	6.36725e+07	-2.29975e+06	-7.37478e+07	8.81565e+07
242	18.3236	-334.286	-218.624	-1523.28	1630	0.0661582	-1.21759e+07	1.98916e+08	7.69281e+08	2.31037e+06	-7.92999e+07	6.48136e+07	-2.31037e+06	-7.45563e+07	8.90426e+07
243	18.0274	-333.327	-218.049	-1528.68	1635.24	0.0670368	-1.22429e+07	2.0175e+08	7.79498e+08	2.321e+06	-8.05297e+07	6.59658e+07	-2.321e+06	-7.537e+07	8.99339e+07
244	17.737	-332.372	-217.475	-1534.08	1640.48	0.0679225	-1.23098e+07	2.0461e+08	7.89797e+08	2.33163e+06	-8.17706e+07	6.71291e+07	-2.33163e+06	-7.61888e+07	9.08303e+07
245	17.4523	-331.421	-216.903	-1539.47	1645.71	0.0688153	-1.23768e+07	2.07496e+08	8.00178e+08	2.34226e+06	-8.30227e+07	6.83036e+07	-2.34226e+06	-7.70128e+07	9.17319e+07
246	17.1732	-330.473	-216.333	-1544.86	1650.94	0.0697151	-1.24437e+07	2.10409e+08	8.10641e+08	2.3529e+06	-8.4286e+07	6.94894e+07	-2.3529e+06	-7.78422e+07	9.26387e+07
247	16.8996	-329.53	-215.764	-1550.24	1656.16	0.0706221	-1.25105e+07	2.13348e+08	8.21187e+08	2.36355e+06	-8.55606e+07	7.06866e+07	-2.36355e+06	-7.86768e+07	9.35509e+07
248	16.6313	-328.59	-215.196	-1555.62	1661.38	0.0715363	-1.25774e+07	2.16315e+08	8.31817e+08	2.37419e+06	-8.68466e+07	7.18951e+07	-2.37419e+06	-7.95168e+07	9.44683e+07
249	16.3683	-327.653	-214.63	-1560.99	1666.59	0.0724576	-1.26442e+07	2.19308e+08	8.42531e+08	2.38485e+06	-8.8144e+07	7.3115e+07	-2.38485e+06	-8.03621e+07	9.53911e+07
250	16.1105	-326.721	-214.066	-1566.36	1671.8	0.0733863	-1.2711e+07	2.22328e+08	8.53329e+08	2.3955e+06	-8.94529e+07	7.43464e+07	-2.3955e+06	-8.12129e+07	9.63194e+07
# Source S1·R3 [input_traj copy.txt] (B=8.6e-11, Le=0, Lmu=-0.2, Ltau=0.2, eos=1, nf=3)
80	86.9485	-209.655	-132.399	-417.509	474.613	0.000994005	-456886	1.63494e+06	1.15582e+07	180417	-637312	8.66375	-180417	-1.67433e+06	2.31163e+06
81	87.319	-211.814	-133.784	-422.885	481.167	0.00103517	-481136	1.71788e+06	1.20369e+07	186729	-667877	11.646	-186729	-1.7395e+06	2.40736e+06
82	87.6786	-213.965	-135.165	-428.273	487.74	0.00107757	-506314	1.80414e+06	1.25298e+07	193175	-699505	15.5481	-193175	-1.80646e+06	2.50595e+06
83	88.0279	-216.108	-136.541	-433.675	494.333	0.00112122	-532448	1.89388e+06	1.30375e+07	199759	-732227	20.6218	-199759	-1.87527e+06	2.60748e+06
84	88.3674	-218.244	-137.912	-439.091	500.948	0.00116617	-559565	1.98723e+06	1.35602e+07	206481	-766073	27.1789	-206481	-1.94596e+06	2.71201e+06
85	88.6979	-220.373	-139.28	-444.524	507.588	0.00121246	-587701	2.08441e+06	1.40984e+07	213343	-801080	35.6048	-213343	-2.0186e+06	2.81964e+06
86	89.0187	-222.493	-140.643	-449.97	514.247	0.00126008	-616869	2.18533e+06	1.46521e+07	220344	-837259	46.3672	-220344	-2.09317e+06	2.93038e+06
87	89.5646	-224.606	-142.001	-455.432	520.929	0.00130909	-647106	2.29027e+06	1.5222e+07	227487	-874653	60.0424	-227487	-2.16974e+06	3.04433e+06
88	90.1425	-226.718	-143.359	-460.922	527.648	0.00135959	-678479	2.39982e+06	1.58092e+07	234781	-913338	77.3426	-234781	-2.2485e+06	3.16176e+06
89	90.6136	-228.827	-144.714	-466.437	534.4	0.0014116	-711017	2.51404e+06	1.6414e+07	242225	-953341	99.1173	-242225	-2.32945e+06	3.28269e+06
90	90.9798	-230.933	-146.068	-471.977	541.184	0.00146515	-744749	2.63304e+06	1.70366e+07	249819	-994694	126.391	-249819	-2.41264e+06	3.4072e+06
91	91.3046	-233.033	-147.418	-477.541	548.001	0.00152027	-779708	2.75695e+06	1.76776e+07	257563	-1.03743e+06	160.392	-257563	-2.49809e+06	3.53536e+06
92	91.6695	-235.131	-148.767	-483.133	554.853	0.00157703	-815942	2.88608e+06	1.83375e+07	265461	-1.08161e+06	202.603	-265461	-2.5859e+06	3.6673e+06
93	91.9437	-237.228	-150.115	-488.755	561.745	0.00163547	-853499	3.02075e+06	1.90171e+07	273516	-1.12727e+06	254.791	-273516	-2.67616e+06	3.80317e+06
94	92.2547	-239.323	-151.463	-494.411	568.679	0.00169568	-892430	3.16128e+06	1.97172e+07	281730	-1.17448e+06	319.067	-281730	-2.76896e+06	3.94312e+06
95	92.5222	-241.418	-152.81	-500.101	575.658	0.0017577	-932784	3.30795e+06	2.04383e+07	290107	-1.22329e+06	397.928	-290107	-2.86438e+06	4.08727e+06
96	92.7492	-243.514	-154.157	-505.83	582.683	0.00182159	-974614	3.4611e+06	2.11813e+07	298649	-1.27376e+06	494.337	-298649	-2.96251e+06	4.23577e+06
97	92.9405	-245.611	-155.505	-511.598	589.759	0.00188745	-1.01798e+06	3.62109e+06	2.1947e+07	307359	-1.32595e+06	611.799	-307359	-3.06346e+06	4.3888e+06
98	93.1014	-247.71	-156.854	-517.41	596.887	0.00195532	-1.06294e+06	3.7883e+06	2.27363e+07	316239	-1.37993e+06	754.439	-316239	-3.16733e+06	4.5465e+06
99	93.2377	-249.811	-158.205	-523.268	604.072	0.0020253	-1.10955e+06	3.96314e+06	2.355e+07	325294	-1.43577e+06	927.121	-325294	-3.27423e+06	4.70908e+06
100	93.3535	-251.913	-159.556	-529.167	611.308	0.00209741	-1.15786e+06	4.14561e+06	2.43884e+07	334520	-1.49351e+06	1135.41	-334520	-3.38417e+06	4.87655e+06
101	93.4842	-254.099	-160.955	-535.146	618.603	0.00217175	-1.20727e+06	4.33623e+06	2.52529e+07	344066	-1.55272e+06	1387.12	-344066	-3.49785e+06	5.04919e+06
102	93.5657	-256.182	-162.295	-541.082	625.891	0.00224779	-1.2588e+06	4.53188e+06	2.61371e+07	353607	-1.6141e+06	1686.46	-353607	-3.61332e+06	5.22573e+06
103	93.705	-258.446	-163.741	-547.453	633.643	0.00233001	-1.31423e+06	4.75951e+06	2.70931e+07	363655	-1.67994e+06	2055.79	-363655	-3.73868e+06	5.41657e+06
104	93.6066	-260.062	-164.806	-552.473	639.997	0.00240063	-1.36419e+06	4.91122e+06	2.79144e+07	372681	-1.73932e+06	2448.23	-372681	-3.84355e+06	5.58042e+06
105	94.5546	-264.624	-167.601	-563.919	653.06	0.00253981	-1.45137e+06	5.4742e+06	2.95327e+07	387468	-1.84203e+06	3186.21	-387468	-4.06451e+06	5.90335e+06
106	94.7153	-266.99	-169.107	-571.133	661.83	0.00263963	-1.52089e+06	5.79282e+06	3.06933e+07	398344	-1.92311e+06	3881.71	-398344	-4.21555e+06	6.13478e+06
107	94.032	-266.941	-169.194	-572.783	664.719	0.00268	-1.55721e+06	5.74196e+06	3.11627e+07	404641	-1.96622e+06	4360.77	-404641	-4.26633e+06	6.22819e+06
108	94.437	-269.292	-170.691	-579.696	673.105	0.00277937	-1.62601e+06	6.04494e+06	3.23183e+07	415805	-2.04708e+06	5259.99	-415805	-4.41658e+06	6.4584e+06
109	94.6449	-271.061	-171.846	-585.357	680.186	0.00286691	-1.68895e+06	6.26935e+06	3.33361e+07	425980	-2.12115e+06	6215.19	-425980	-4.54608e+06	6.66101e+06
110	94.9002	-272.965	-173.079	-591.333	687.596	0.00296	-1.75547e+06	6.52108e+06	3.44186e+07	436599	-2.19942e+06	7353.55	-436599	-4.68429e+06	6.87636e+06
111	95.1229	-274.815	-174.282	-597.206	694.898	0.0030539	-1.82294e+06	6.77103e+06	3.55105e+07	447281	-2.27889e+06	8662.62	-447281	-4.82321e+06	7.09343e+06
112	95.3738	-276.668	-175.485	-603.095	702.213	0.00314999	-1.89208e+06	7.02739e+06	3.66278e+07	458140	-2.3604e+06	10177.7	-458140	-4.96516e+06	7.31538e+06
113	95.6203	-278.425	-176.632	-608.772	709.302	0.00324547	-1.96128e+06	7.27286e+06	3.7738e+07	468960	-2.44213e+06	11891.4	-468960	-5.10546e+06	7.53571e+06
114	95.9322	-280.271	-177.832	-614.653	716.598	0.00334545	-2.03336e+06	7.53845e+06	3.89006e+07	480151	-2.5274e+06	13893.5	-480151	-5.25271e+06	7.76622e+06
115	96.2844	-282.122	-179.033	-620.54	723.893	0.00344755	-2.10693e+06	7.80933e+06	4.00877e+07	491526	-2.61465e+06	16191.3	-491526	-5.4029e+06	8.00136e+06
116	96.6805	-283.98	-180.24	-626.438	731.19	0.00355184	-2.18199e+06	8.08574e+06	4.13005e+07	503097	-2.70391e+06	18823.4	-503097	-5.55618e+06	8.24127e+06
117	97.1283	-285.851	-181.453	-632.353	738.494	0.00365843	-2.25854e+06	8.368e+06	4.25398e+07	514875	-2.79525e+06	21833.1	-514875	-5.71272e+06	8.48613e+06
118	97.6229	-287.737	-182.676	-638.292	745.808	0.0037674	-2.33657e+06	8.65643e+06	4.3807e+07	526872	-2.88871e+06	25269.1	-526872	-5.8727e+06	8.73614e+06
119	98.1653	-289.643	-183.91	-644.257	753.136	0.00387886	-2.41605e+06	8.95121e+06	4.5103e+07	539100	-2.98433e+06	29185.2	-539100	-6.03626e+06	8.99141e+06
120	98.756	-291.571	-185.157	-650.255	760.481	0.0039929	-2.49699e+06	9.25276e+06	4.64291e+07	551571	-3.0822e+06	33642.6	-551571	-6.20362e+06	9.25218e+06
121	99.3955	-293.536	-186.426	-656.314	767.872	0.00410999	-2.57955e+06	9.56339e+06	4.77906e+07	564323	-3.18259e+06	38719.6	-564323	-6.37552e+06	9.5194e+06
122	100.075	-295.547	-187.722	-662.459	775.332	0.00423057	-2.66394e+06	9.88545e+06	4.91927e+07	577387	-3.28583e+06	44507.6	-577387	-6.5527e+06	9.79403e+06
123	100.781	-297.606	-189.046	-668.693	782.865	0.00435479	-2.75016e+06	1.02194e+07	5.0637e+07	590771	-3.39203e+06	51099.6	-590771	-6.73538e+06	1.00763e+07
124	101.504	-299.712	-190.398	-675.017	790.468	0.00448276	-2.83819e+06	1.05654e+07	5.2125e+07	604483	-3.50127e+06	58598.9	-604483	-6.92374e+06	1.03664e+07
125	102.234	-301.865	-191.777	-681.432	798.143	0.0046146	-2.92802e+06	1.09238e+07	5.36581e+07	618529	-3.61367e+06	67120.6	-618529	-7.11795e+06	1.06645e+07
126	102.966	-304.064	-193.184	-687.938	805.887	0.00475043	-3.01961e+06	1.12947e+07	5.52376e+07	632913	-3.72932e+06	76793.3	-632913	-7.3182e+06	1.09707e+07
127	103.694	-306.308	-194.617	-694.537	813.699	0.00489039	-3.11293e+06	1.16783e+07	5.6865e+07	647642	-3.84833e+06	87759.6	-647642	-7.52467e+06	1.12852e+07
128	104.412	-308.596	-196.077	-701.228	821.578	0.0050346	-3.20791e+06	1.20748e+07	5.85418e+07	662721	-3.97081e+06	100178	-662721	-7.73755e+06	1.16082e+07
129	105.118	-310.928	-197.562	-708.011	829.521	0.00518318	-3.3045e+06	1.24842e+07	6.02695e+07	678154	-4.09688e+06	114223	-678154	-7.95702e+06	1.19397e+07
130	105.809	-313.303	-199.073	-714.888	837.528	0.00533628	-3.40262e+06	1.29068e+07	6.20497e+07	693945	-4.22665e+06	130090	-693945	-8.18329e+06	1.22799e+07
131	106.481	-315.726	-200.612	-721.876	845.615	0.00549436	-3.50235e+06	1.33445e+07	6.38879e+07	710122	-4.3605e+06	148021	-710122	-8.41708e+06	1.26296e+07
132	107.115	-318.203	-202.183	-728.994	853.796	0.00565792	-3.6038e+06	1.37995e+07	6.57897e+07	726705	-4.4988e+06	168295	-726705	-8.65914e+06	1.29896e+07
133	107.688	-320.731	-203.784	-736.239	862.07	0.00582713	-3.70687e+06	1.42719e+07	6.77574e+07	743696	-4.64176e+06	191191	-743696	-8.90971e+06	1.33603e+07
134	108.183	-323.306	-205.412	-743.611	870.432	0.00600219	-3.81144e+06	1.47618e+07	6.97928e+07	761093	-4.78955e+06	217018	-761093	-9.16901e+06	1.37415e+07
135	108.583	-325.926	-207.068	-751.111	878.88	0.00618331	-3.91741e+06	1.52697e+07	7.18989e+07	778896	-4.94242e+06	246120	-778896	-9.43735e+06	1.41337e+07
136	108.866	-328.587	-208.747	-758.739	887.412	0.00637073	-4.02464e+06	1.5796e+07	7.40783e+07	797105	-5.10062e+06	278874	-797105	-9.71503e+06	1.45368e+07
137	109.01	-331.284	-210.448	-766.491	896.021	0.00656462	-4.13295e+06	1.63405e+07	7.63327e+07	815708	-5.26434e+06	315678	-815708	-1.00022e+07	1.49509e+07
138	109	-334.011	-212.166	-774.361	904.697	0.00676508	-4.24212e+06	1.69029e+07	7.86637e+07	834696	-5.43377e+06	356956	-834696	-1.0299e+07	1.53758e+07
139	108.823	-336.762	-213.899	-782.343	913.431	0.00697224	-4.35188e+06	1.74827e+07	8.10725e+07	854053	-5.60909e+06	403159	-854053	-1.06054e+07	1.58113e+07
140	108.472	-339.531	-215.642	-790.433	922.216	0.00718624	-4.46199e+06	1.80798e+07	8.3561e+07	873766	-5.79053e+06	454774	-873766	-1.09217e+07	1.62574e+07
141	107.955	-342.34	-217.409	-798.7	931.118	0.00740893	-4.57296e+06	1.87034e+07	8.61503e+07	893917	-5.97957e+06	512687	-893917	-1.12505e+07	1.67174e+07
142	107.295	-345.209	-219.211	-807.217	940.207	0.00764235	-4.68539e+06	1.93633e+07	8.88645e+07	914577	-6.17795e+06	577981	-914577	-1.1595e+07	1.71949e+07
143	106.504	-348.126	-221.041	-815.98	949.476	0.00788703	-4.79911e+06	2.00613e+07	9.17097e+07	935721	-6.38634e+06	651516	-935721	-1.19556e+07	1.76904e+07
144	105.593	-351.079	-222.892	-824.984	958.919	0.00814344	-4.91387e+06	2.07985e+07	9.46912e+07	957313	-6.60538e+06	734205	-957313	-1.23328e+07	1.8204e+07
145	104.569	-354.054	-224.757	-834.225	968.525	0.00841205	-5.02942e+06	2.15762e+07	9.78145e+07	979315	-6.83576e+06	827026	-979315	-1.27271e+07	1.87359e+07
146	103.435	-357.035	-226.625	-843.686	978.279	0.00869315	-5.14543e+06	2.23949e+07	1.01083e+08	1.00167e+06	-7.07806e+06	930954	-1.00167e+06	-1.31386e+07	1.92857e+07
147	102.197	-360.003	-228.485	-853.348	988.157	0.00898689	-5.26149e+06	2.32544e+07	1.04499e+08	1.02432e+06	-7.33275e+06	1.04695e+06	-1.02432e+06	-1.3567e+07	1.98528e+07
148	100.86	-362.944	-230.329	-863.198	998.145	0.0092936	-5.37726e+06	2.41556e+07	1.08065e+08	1.0472e+06	-7.60051e+06	1.17605e+06	-1.0472e+06	-1.40125e+07	2.0437e+07
149	99.4323	-365.842	-232.148	-873.227	1008.23	0.00961367	-5.49244e+06	2.50998e+07	1.11787e+08	1.07026e+06	-7.88205e+06	1.31935e+06	-1.07026e+06	-1.44753e+07	2.1038e+07
150	97.9159	-368.682	-233.933	-883.419	1018.41	0.00994739	-5.60674e+06	2.60884e+07	1.15667e+08	1.09343e+06	-8.17806e+06	1.47789e+06	-1.09343e+06	-1.49554e+07	2.16556e+07
151	96.3125	-371.439	-235.668	-893.726	1028.61	0.010294	-5.71953e+06	2.71172e+07	1.19698e+08	1.11661e+06	-8.48837e+06	1.65224e+06	-1.11661e+06	-1.54512e+07	2.22873e+07
152	94.639	-374.091	-237.342	-904.1	1038.82	0.0106527	-5.83023e+06	2.81823e+07	1.23868e+08	1.1397e+06	-8.81274e+06	1.84282e+06	-1.1397e+06	-1.59609e+07	2.29309e+07
153	92.9156	-376.628	-238.948	-914.532	1049.01	0.0110236	-5.93865e+06	2.92848e+07	1.28181e+08	1.16264e+06	-9.15168e+06	2.05039e+06	-1.16264e+06	-1.64846e+07	2.35859e+07
154	91.1594	-379.043	-240.483	-925.009	1059.17	0.0114068	-6.04464e+06	3.04261e+07	1.32638e+08	1.1854e+06	-9.5057e+06	2.27566e+06	-1.1854e+06	-1.70218e+07	2.42519e+07
155	89.3845	-381.328	-241.94	-935.521	1069.3	0.0118025	-6.14809e+06	3.16075e+07	1.37238e+08	1.20792e+06	-9.87525e+06	2.51924e+06	-1.20792e+06	-1.75724e+07	2.49284e+07
156	87.6023	-383.477	-243.318	-946.054	1079.4	0.0122106	-6.24895e+06	3.28299e+07	1.41983e+08	1.23016e+06	-1.02607e+07	2.78164e+06	-1.23016e+06	-1.81359e+07	2.5615e+07
157	85.8228	-385.483	-244.611	-956.596	1089.44	0.012631	-6.34719e+06	3.40943e+07	1.46872e+08	1.25206e+06	-1.06625e+07	3.06325e+06	-1.25206e+06	-1.87119e+07	2.63112e+07
158	84.0541	-387.34	-245.817	-967.131	1099.44	0.0130636	-6.44287e+06	3.54014e+07	1.51903e+08	1.27359e+06	-1.10808e+07	3.36434e+06	-1.27359e+06	-1.92997e+07	2.70162e+07
159	82.3033	-389.045	-246.933	-977.645	1109.36	0.0135083	-6.53607e+06	3.67516e+07	1.57073e+08	1.29472e+06	-1.15158e+07	3.68503e+06	-1.29472e+06	-1.98988e+07	2.77296e+07
160	80.576	-390.593	-247.956	-988.121	1119.22	0.0139645	-6.6269e+06	3.81445e+07	1.62378e+08	1.31539e+06	-1.19675e+07	4.02525e+06	-1.31539e+06	-2.05082e+07	2.84504e+07
161	78.8729	-391.966	-248.876	-998.458	1128.91	0.0144288	-6.71499e+06	3.95633e+07	1.67776e+08	1.3355e+06	-1.24329e+07	4.38243e+06	-1.3355e+06	-2.11224e+07	2.91729e+07
162	77.1927	-393.152	-249.685	-1008.57	1138.37	0.0148972	-6.8e+06	4.09902e+07	1.73223e+08	1.35499e+06	-1.29085e+07	4.75353e+06	-1.35499e+06	-2.1736e+07	2.9891e+07
163	75.5381	-394.161	-250.39	-1018.44	1147.6	0.015369	-6.88217e+06	4.24231e+07	1.7871e+08	1.37386e+06	-1.33937e+07	5.13766e+06	-1.37386e+06	-2.23482e+07	3.06043e+07
164	73.9125	-395.003	-250.996	-1028.08	1156.6	0.0158439	-6.96176e+06	4.38607e+07	1.84232e+08	1.39216e+06	-1.38879e+07	5.534e+06	-1.39216e+06	-2.29585e+07	3.13124e+07
165	72.3198	-395.692	-251.51	-1037.5	1165.38	0.0163215	-7.03902e+06	4.53016e+07	1.89785e+08	1.40989e+06	-1.43907e+07	5.94181e+06	-1.40989e+06	-2.35663e+07	3.20152e+07
166	70.7639	-396.236	-251.939	-1046.69	1173.95	0.0168014	-7.11418e+06	4.67449e+07	1.95365e+08	1.42711e+06	-1.49017e+07	6.36038e+06	-1.42711e+06	-2.41713e+07	3.27126e+07
167	69.2484	-396.647	-252.287	-1055.66	1182.31	0.0172833	-7.18748e+06	4.81898e+07	2.00969e+08	1.44384e+06	-1.54204e+07	6.78905e+06	-1.44384e+06	-2.47734e+07	3.34048e+07
168	67.777	-396.935	-252.562	-1064.42	1190.48	0.0177671	-7.25913e+06	4.96354e+07	2.06594e+08	1.46011e+06	-1.59465e+07	7.22721e+06	-1.46011e+06	-2.53724e+07	3.40916e+07
169	66.3534	-397.109	-252.77	-1072.98	1198.46	0.0182525	-7.32931e+06	5.10811e+07	2.12238e+08	1.47595e+06	-1.64796e+07	7.67431e+06	-1.47595e+06	-2.5968e+07	3.47733e+07
170	64.9815	-397.18	-252.914	-1081.34	1206.26	0.0187393	-7.39818e+06	5.25264e+07	2.17899e+08	1.49139e+06	-1.70194e+07	8.12986e+06	-1.49139e+06	-2.65604e+07	3.545e+07
171	63.6643	-397.159	-253.003	-1089.54	1213.92	0.0192291	-7.46602e+06	5.39786e+07	2.23594e+08	1.50649e+06	-1.75673e+07	8.5948e+06	-1.50649e+06	-2.71515e+07	3.6124e+07
172	62.3981	-397.057	-253.043	-1097.62	1221.47	0.0197231	-7.5331e+06	5.5445e+07	2.29338e+08	1.52128e+06	-1.81245e+07	9.07016e+06	-1.52128e+06	-2.77431e+07	3.67975e+07
173	61.1774	-396.879	-253.036	-1105.58	1228.91	0.0202213	-7.59955e+06	5.69252e+07	2.35131e+08	1.53577e+06	-1.86909e+07	9.55562e+06	-1.53577e+06	-2.83352e+07	3.74706e+07
174	59.9972	-396.629	-252.985	-1113.43	1236.24	0.0207235	-7.66547e+06	5.84189e+07	2.40971e+08	1.54999e+06	-1.92663e+07	1.00509e+07	-1.54999e+06	-2.89278e+07	3.81432e+07
175	58.8531	-396.313	-252.894	-1121.15	1243.48	0.0212296	-7.73097e+06	5.99256e+07	2.46856e+08	1.56394e+06	-1.98506e+07	1.05557e+07	-1.56394e+06	-2.95207e+07	3.88156e+07
176	57.7414	-395.936	-252.764	-1128.77	1250.62	0.0217397	-7.79615e+06	6.14451e+07	2.52787e+08	1.57764e+06	-2.04435e+07	1.10697e+07	-1.57764e+06	-3.01139e+07	3.94876e+07
177	56.6585	-395.501	-252.599	-1136.28	1257.67	0.0222535	-7.86108e+06	6.29771e+07	2.58762e+08	1.59112e+06	-2.1045e+07	1.15928e+07	-1.59112e+06	-3.07073e+07	4.01595e+07
178	55.6015	-395.012	-252.4	-1143.68	1264.62	0.0227711	-7.92584e+06	6.45212e+07	2.6478e+08	1.60437e+06	-2.16549e+07	1.21247e+07	-1.60437e+06	-3.13011e+07	4.08313e+07
179	54.5677	-394.474	-252.17	-1150.98	1271.5	0.0232924	-7.99048e+06	6.60775e+07	2.70842e+08	1.61742e+06	-2.22732e+07	1.26653e+07	-1.61742e+06	-3.18952e+07	4.15031e+07
180	53.5548	-393.891	-251.911	-1158.19	1278.29	0.0238174	-8.05506e+06	6.76456e+07	2.76947e+08	1.63027e+06	-2.28997e+07	1.32144e+07	-1.63027e+06	-3.24897e+07	4.2175e+07
181	52.5613	-393.265	-251.625	-1165.3	1285	0.0243461	-8.11963e+06	6.92253e+07	2.83094e+08	1.64295e+06	-2.35344e+07	1.37718e+07	-1.64295e+06	-3.30845e+07	4.2847e+07
182	51.5869	-392.599	-251.314	-1172.32	1291.63	0.0248784	-8.1842e+06	7.08163e+07	2.89283e+08	1.65546e+06	-2.4177e+07	1.43374e+07	-1.65546e+06	-3.36797e+07	4.35193e+07
183	50.632	-391.898	-250.98	-1179.26	1298.19	0.0254143	-8.2488e+06	7.24187e+07	2.95515e+08	1.66782e+06	-2.48276e+07	1.4911e+07	-1.66782e+06	-3.42754e+07	4.4192e+07
184	49.6968	-391.164	-250.624	-1186.11	1304.69	0.0259539	-8.31346e+06	7.40324e+07	3.01789e+08	1.68003e+06	-2.54862e+07	1.54927e+07	-1.68003e+06	-3.48716e+07	4.48651e+07
185	48.7815	-390.4	-250.249	-1192.88	1311.11	0.0264971	-8.37819e+06	7.56576e+07	3.08106e+08	1.6921e+06	-2.61526e+07	1.60824e+07	-1.6921e+06	-3.54686e+07	4.55389e+07
186	47.8865	-389.608	-249.855	-1199.58	1317.48	0.0270443	-8.443e+06	7.72956e+07	3.14469e+08	1.70406e+06	-2.68272e+07	1.66802e+07	-1.70406e+06	-3.60666e+07	4.62136e+07
187	47.0121	-388.792	-249.444	-1206.21	1323.79	0.0275957	-8.50791e+06	7.89474e+07	3.20881e+08	1.7159e+06	-2.75101e+07	1.72863e+07	-1.7159e+06	-3.6666e+07	4.68898e+07
188	46.1587	-387.952	-249.018	-1212.78	1330.04	0.0281513	-8.57293e+06	8.06132e+07	3.27341e+08	1.72764e+06	-2.82014e+07	1.79008e+07	-1.72764e+06	-3.72669e+07	4.75674e+07
189	45.3266	-387.091	-248.577	-1219.29	1336.25	0.0287112	-8.63808e+06	8.22931e+07	3.33851e+08	1.73928e+06	-2.89009e+07	1.85236e+07	-1.73928e+06	-3.78693e+07	4.82466e+07
190	44.5161	-386.211	-248.123	-1225.74	1342.41	0.0292753	-8.70337e+06	8.39871e+07	3.4041e+08	1.75083e+06	-2.96088e+07	1.91546e+07	-1.75083e+06	-3.84733e+07	4.89275e+07
191	43.7275	-385.314	-247.656	-1232.13	1348.51	0.0298438	-8.76878e+06	8.56957e+07	3.47021e+08	1.7623e+06	-3.0325e+07	1.97939e+07	-1.7623e+06	-3.90792e+07	4.96102e+07
192	42.9597	-384.4	-247.178	-1238.47	1354.58	0.0304167	-8.83434e+06	8.74193e+07	3.53683e+08	1.77368e+06	-3.10496e+07	2.04416e+07	-1.77368e+06	-3.9687e+07	5.0295e+07
193	42.2115	-383.472	-246.689	-1244.76	1360.61	0.0309942	-8.90003e+06	8.91581e+07	3.60398e+08	1.785e+06	-3.17828e+07	2.10977e+07	-1.785e+06	-4.02968e+07	5.09818e+07
194	41.4815	-382.53	-246.191	-1251	1366.59	0.0315762	-8.96585e+06	9.09122e+07	3.67165e+08	1.79625e+06	-3.25243e+07	2.17622e+07	-1.79625e+06	-4.09087e+07	5.16708e+07
195	40.7687	-381.576	-245.683	-1257.2	1372.54	0.0321628	-9.03181e+06	9.26816e+07	3.73986e+08	1.80744e+06	-3.32744e+07	2.24351e+07	-1.80744e+06	-4.15228e+07	5.23621e+07
196	40.0719	-380.611	-245.167	-1263.35	1378.44	0.032754	-9.09789e+06	9.44664e+07	3.8086e+08	1.81857e+06	-3.40329e+07	2.31164e+07	-1.81857e+06	-4.21392e+07	5.30557e+07
197	39.3902	-379.637	-244.643	-1269.46	1384.32	0.0333498	-9.16409e+06	9.62667e+07	3.87789e+08	1.82965e+06	-3.47999e+07	2.38061e+07	-1.82965e+06	-4.27579e+07	5.37516e+07
198	38.7226	-378.653	-244.112	-1275.53	1390.15	0.0339504	-9.2304e+06	9.80827e+07	3.94772e+08	1.84068e+06	-3.55754e+07	2.45043e+07	-1.84068e+06	-4.3379e+07	5.445e+07
199	38.0682	-377.662	-243.574	-1281.56	1395.96	0.0345556	-9.2968e+06	9.99146e+07	4.01809e+08	1.85166e+06	-3.63594e+07	2.52109e+07	-1.85166e+06	-4.40025e+07	5.5151e+07
200	37.4261	-376.664	-243.031	-1287.55	1401.73	0.0351656	-9.36329e+06	1.01762e+08	4.08903e+08	1.86261e+06	-3.71519e+07	2.5926e+07	-1.86261e+06	-4.46286e+07	5.58545e+07
201	36.7955	-375.66	-242.482	-1293.51	1407.47	0.0357807	-9.42985e+06	1.03627e+08	4.16054e+08	1.87352e+06	-3.79532e+07	2.66499e+07	-1.87352e+06	-4.52576e+07	5.6561e+07
202	36.1758	-374.651	-241.929	-1299.44	1413.19	0.036401	-9.49649e+06	1.05511e+08	4.23268e+08	1.8844e+06	-3.87637e+07	2.73828e+07	-1.8844e+06	-4.58898e+07	5.72707e+07
203	35.5662	-373.638	-241.371	-1305.35	1418.89	0.0370267	-9.56319e+06	1.07414e+08	4.30543e+08	1.89524e+06	-3.95834e+07	2.81249e+07	-1.89524e+06	-4.65253e+07	5.79837e+07
204	34.966	-372.62	-240.809	-1311.22	1424.56	0.0376578	-9.62995e+06	1.09336e+08	4.37882e+08	1.90606e+06	-4.04122e+07	2.88762e+07	-1.90606e+06	-4.71641e+07	5.87001e+07
205	34.3747	-371.599	-240.243	-1317.07	1430.21	0.0382944	-9.69677e+06	1.11277e+08	4.45283e+08	1.91686e+06	-4.12503e+07	2.96367e+07	-1.91686e+06	-4.78064e+07	5.942e+07
206	33.7917	-370.576	-239.674	-1322.9	1435.84	0.0389364	-9.76365e+06	1.13238e+08	4.52749e+08	1.92763e+06	-4.20977e+07	3.04064e+07	-1.92763e+06	-4.84521e+07	6.01434e+07
207	33.2172	-369.55	-239.102	-1328.7	1441.45	0.039584	-9.83056e+06	1.15219e+08	4.60279e+08	1.93838e+06	-4.29544e+07	3.11854e+07	-1.93838e+06	-4.91013e+07	6.08703e+07
208	32.6512	-368.522	-238.528	-1334.48	1447.04	0.0402371	-9.89751e+06	1.17219e+08	4.67873e+08	1.94912e+06	-4.38205e+07	3.19738e+07	-1.94912e+06	-4.97542e+07	6.16008e+07
209	32.0939	-367.493	-237.95	-1340.24	1452.61	0.0408959	-9.96449e+06	1.1924e+08	4.75534e+08	1.95983e+06	-4.4696e+07	3.27716e+07	-1.95983e+06	-5.04107e+07	6.23351e+07
210	31.5454	-366.462	-237.371	-1345.98	1458.16	0.0415604	-1.00315e+07	1.21281e+08	4.8326e+08	1.97053e+06	-4.5581e+07	3.35789e+07	-1.97053e+06	-5.10711e+07	6.30731e+07
211	31.0057	-365.432	-236.79	-1351.7	1463.69	0.0422306	-1.00985e+07	1.23343e+08	4.91054e+08	1.98122e+06	-4.64756e+07	3.43958e+07	-1.98122e+06	-5.17352e+07	6.38149e+07
212	30.475	-364.4	-236.207	-1357.4	1469.21	0.0429067	-1.01655e+07	1.25426e+08	4.98915e+08	1.9919e+06	-4.73798e+07	3.52223e+07	-1.9919e+06	-5.24033e+07	6.45607e+07
213	29.9531	-363.369	-235.623	-1363.09	1474.72	0.0435887	-1.02326e+07	1.27531e+08	5.06846e+08	2.00256e+06	-4.82937e+07	3.60586e+07	-2.00256e+06	-5.30754e+07	6.53105e+07
214	29.44	-362.339	-235.037	-1368.76	1480.21	0.0442767	-1.02996e+07	1.29657e+08	5.14845e+08	2.01322e+06	-4.92175e+07	3.69046e+07	-2.01322e+06	-5.37516e+07	6.60644e+07
215	28.9357	-361.309	-234.45	-1374.41	1485.68	0.0449707	-1.03667e+07	1.31805e+08	5.22915e+08	2.02386e+06	-5.01511e+07	3.77606e+07	-2.02386e+06	-5.44319e+07	6.68224e+07
216	28.4401	-360.28	-233.863	-1380.05	1491.14	0.0456708	-1.04337e+07	1.33976e+08	5.31055e+08	2.0345e+06	-5.10946e+07	3.86264e+07	-2.0345e+06	-5.51165e+07	6.75847e+07
217	27.9531	-359.252	-233.274	-1385.68	1496.59	0.046377	-1.05007e+07	1.36169e+08	5.39267e+08	2.04514e+06	-5.20482e+07	3.95023e+07	-2.04514e+06	-5.58053e+07	6.83512e+07
218	27.4748	-358.225	-232.685	-1391.29	1502.03	0.0470894	-1.05677e+07	1.38385e+08	5.47552e+08	2.05577e+06	-5.30118e+07	4.03883e+07	-2.05577e+06	-5.64985e+07	6.9122e+07
219	27.005	-357.2	-232.096	-1396.9	1507.46	0.0478081	-1.06347e+07	1.40624e+08	5.55909e+08	2.06639e+06	-5.39856e+07	4.12844e+07	-2.06639e+06	-5.71962e+07	6.98973e+07
220	26.5436	-356.176	-231.506	-1402.49	1512.87	0.0485332	-1.07017e+07	1.42887e+08	5.64339e+08	2.07701e+06	-5.49696e+07	4.21908e+07	-2.07701e+06	-5.78983e+07	7.06771e+07
221	26.0905	-355.154	-230.917	-1408.07	1518.28	0.0492646	-1.07687e+07	1.45173e+08	5.72844e+08	2.08763e+06	-5.59639e+07	4.31075e+07	-2.08763e+06	-5.8605e+07	7.14614e+07
222	25.6457	-354.134	-230.327	-1413.64	1523.68	0.0500025	-1.08357e+07	1.47483e+08	5.81424e+08	2.09824e+06	-5.69685e+07	4.40346e+07	-2.09824e+06	-5.93164e+07	7.22503e+07
223	25.2091	-353.117	-229.737	-1419.2	1529.06	0.0507469	-1.09026e+07	1.49818e+08	5.9008e+08	2.10885e+06	-5.79837e+07	4.49722e+07	-2.10885e+06	-6.00324e+07	7.30439e+07
224	24.7805	-352.101	-229.147	-1424.75	1534.44	0.0514979	-1.09696e+07	1.52178e+08	5.98812e+08	2.11946e+06	-5.90093e+07	4.59203e+07	-2.11946e+06	-6.07531e+07	7.38422e+07
225	24.3599	-351.088	-228.557	-1430.29	1539.82	0.0522555	-1.10365e+07	1.54562e+08	6.07622e+08	2.13007e+06	-6.00456e+07	4.6879e+07	-2.13007e+06	-6.14787e+07	7.46453e+07
226	23.9472	-350.077	-227.968	-1435.82	1545.18	0.0530197	-1.11035e+07	1.56972e+08	6.16509e+08	2.14068e+06	-6.10926e+07	4.78484e+07	-2.14068e+06	-6.22091e+07	7.54533e+07
227	23.5423	-349.068	-227.378	-1441.35	1550.54	0.0537908	-1.11705e+07	1.59407e+08	6.25474e+08	2.15128e+06	-6.21503e+07	4.88286e+07	-2.15128e+06	-6.29445e+07	7.62662e+07
228	23.1451	-348.062	-226.79	-1446.87	1555.89	0.0545686	-1.12374e+07	1.61868e+08	6.34519e+08	2.16188e+06	-6.32189e+07	4.98196e+07	-2.16188e+06	-6.36848e+07	7.70841e+07
229	22.7553	-347.059	-226.201	-1452.38	1561.23	0.0553533	-1.13044e+07	1.64356e+08	6.43643e+08	2.17248e+06	-6.42984e+07	5.08215e+07	-2.17248e+06	-6.44302e+07	7.7907e+07
230	22.3731	-346.058	-225.613	-1457.89	1566.57	0.0561449	-1.13714e+07	1.66869e+08	6.52848e+08	2.18308e+06	-6.53889e+07	5.18344e+07	-2.18308e+06	-6.51806e+07	7.87351e+07
231	21.9981	-345.059	-225.026	-1463.39	1571.9	0.0569431	-1.14385e+07	1.69407e+08	6.6213e+08	2.19368e+06	-6.64901e+07	5.28579e+07	-2.19368e+06	-6.59358e+07	7.9568e+07
232	21.6304	-344.064	-224.439	-1468.88	1577.22	0.0577478	-1.15055e+07	1.71969e+08	6.71486e+08	2.20428e+06	-6.76016e+07	5.38918e+07	-2.20428e+06	-6.66956e+07	8.04054e+07
233	21.2698	-343.071	-223.853	-1474.36	1582.54	0.0585589	-1.15726e+07	1.74554e+08	6.80917e+08	2.21488e+06	-6.87234e+07	5.4936e+07	-2.21488e+06	-6.746e+07	8.12474e+07
234	20.9161	-342.082	-223.267	-1479.82	1587.84	0.0593764	-1.16397e+07	1.77162e+08	6.90423e+08	2.22548e+06	-6.98557e+07	5.59906e+07	-2.22548e+06	-6.8229e+07	8.20941e+07
235	20.5693	-341.095	-222.683	-1485.28	1593.13	0.0602005	-1.17067e+07	1.79794e+08	7.00006e+08	2.23608e+06	-7.09985e+07	5.70557e+07	-2.23608e+06	-6.90026e+07	8.29455e+07
236	20.2292	-340.112	-222.1	-1490.73	1598.42	0.0610312	-1.17738e+07	1.8245e+08	7.09665e+08	2.24669e+06	-7.21519e+07	5.81314e+07	-2.24669e+06	-6.97811e+07	8.38016e+07
237	19.8958	-339.132	-221.517	-1496.17	1603.7	0.0618686	-1.18409e+07	1.85132e+08	7.19403e+08	2.25729e+06	-7.33161e+07	5.92179e+07	-2.25729e+06	-7.05645e+07	8.46627e+07
238	19.5688	-338.156	-220.936	-1501.61	1608.97	0.0627128	-1.19079e+07	1.87838e+08	7.29219e+08	2.2679e+06	-7.4491e+07	6.03152e+07	-2.2679e+06	-7.13528e+07	8.55286e+07
239	19.2482	-337.183	-220.356	-1507.04	1614.24	0.0635639	-1.1975e+07	1.90569e+08	7.39115e+08	2.27851e+06	-7.56768e+07	6.14233e+07	-2.27851e+06	-7.21461e+07	8.63996e+07
240	18.9339	-336.214	-219.777	-1512.46	1619.5	0.0644217	-1.2042e+07	1.93326e+08	7.4909e+08	2.28913e+06	-7.68735e+07	6.25424e+07	-2.28913e+06	-7.29444e+07	8.72755e+07
241	18.6257	-335.248	-219.2	-1517.87	1624.75	0.0652865	-1.2109e+07	1.96108e+08	7.59145e+08	2.29975e+06	-7.80812e+07	6.36725e+07	-2.29975e+06	-7.37478e+07	8.81565e+07
242	18.3236	-334.286	-218.624	-1523.28	1630	0.0661582	-1.21759e+07	1.98916e+08	7.69281e+08	2.31037e+06	-7.92999e+07	6.48136e+07	-2.31037e+06	-7.45563e+07	8.90426e+07
243	18.0274	-333.327	-218.049	-1528.68	1635.24	0.0670368	-1.22429e+07	2.0175e+08	7.79498e+08	2.321e+06	-8.05297e+07	6.59658e+07	-2.321e+06	-7.537e+07	8.99339e+07
244	17.737	-332.372	-217.475	-1534.08	1640.48	0.0679225	-1.23098e+07	2.0461e+08	7.89797e+08	2.33163e+06	-8.17706e+07	6.71291e+07	-2.33163e+06	-7.61888e+07	9.08303e+07
245	17.4523	-331.421	-216.903	-1539.47	1645.71	0.0688153	-1.23768e+07	2.07496e+08	8.00178e+08	2.34226e+06	-8.30227e+07	6.83036e+07	-2.34226e+06	-7.70128e+07	9.17319e+07
246	17.1732	-330.473	-216.333	-1544.86	1650.94	0.0697151	-1.24437e+07	2.10409e+08	8.10641e+08	2.3529e+06	-8.4286e+07	6.94894e+07	-2.3529e+06	-7.78422e+07	9.26387e+07
247	16.8996	-329.53	-215.764	-1550.24	1656.16	0.0706221	-1.25105e+07	2.13348e+08	8.21187e+08	2.36355e+06	-8.55606e+07	7.06866e+07	-2.36355e+06	-7.86768e+07	9.35509e+07
248	16.6313	-328.59	-215.196	-1555.62	1661.38	0.0715363	-1.25774e+07	2.16315e+08	8.31817e+08	2.37419e+06	-8.68466e+07	7.18951e+07	-2.37419e+06	-7.95168e+07	9.44683e+07
249	16.3683	-327.653	-214.63	-1560.99	1666.59	0.0724576	-1.26442e+07	2.19308e+08	8.42531e+08	2.38485e+06	-8.8144e+07	7.3115e+07	-2.38485e+06	-8.03621e+07	9.53911e+07
250	16.1105	-326.721	-214.066	-1566.36	1671.8	0.0733863	-1.2711e+07	2.22328e+08	8.53329e+08	2.3955e+06	-8.94529e+07	7.43464e+07	-2.3955e+06	-8.12129e+07	9.63194e+07
# Source S1·R4 [input_traj copy.txt] (B=8.6e-11, Le=0, Lmu=-0.3, Ltau=0.3, eos=1, nf=3)
80	136.022	-330.363	-200.66	-658.538	726.059	0.00207513	-1.36231e+06	4.40212e+06	2.41295e+07	350475	-1.71369e+06	907.806	-350475	-5.52515e+06	7.23793e+06
81	136.644	-333.803	-202.787	-667.322	736.297	0.00216351	-1.43532e+06	4.62265e+06	2.51571e+07	362570	-1.79912e+06	1224.99	-362570	-5.748e+06	7.54589e+06
82	137.258	-337.245	-204.915	-676.156	746.596	0.00225489	-1.51133e+06	4.85265e+06	2.62197e+07	374944	-1.88792e+06	1642.63	-374944	-5.97798e+06	7.86426e+06
83	137.865	-340.691	-207.046	-685.047	756.962	0.00234943	-1.59047e+06	5.09265e+06	2.7319e+07	387604	-1.98026e+06	2189.55	-387604	-6.21544e+06	8.19351e+06
84	138.466	-344.142	-209.179	-694	767.401	0.00244726	-1.67284e+06	5.34311e+06	2.84566e+07	400556	-2.0763e+06	2902.01	-400556	-6.46067e+06	8.53406e+06
85	139.064	-347.604	-211.318	-703.029	777.927	0.00254862	-1.75864e+06	5.60502e+06	2.96352e+07	413815	-2.17628e+06	3826.2	-413815	-6.71427e+06	8.88673e+06
86	139.654	-351.063	-213.455	-712.107	788.512	0.00265336	-1.84779e+06	5.87707e+06	3.0853e+07	427356	-2.28017e+06	5016.68	-427356	-6.97574e+06	9.25089e+06
87	140.721	-354.529	-215.596	-721.257	799.179	0.0027618	-1.94052e+06	6.16063e+06	3.21139e+07	441202	-2.38827e+06	6544.75	-441202	-7.24591e+06	9.62763e+06
88	141.873	-358.028	-217.756	-730.541	809.993	0.00287472	-2.03737e+06	6.45954e+06	3.34269e+07	455415	-2.50129e+06	8506.12	-455415	-7.52679e+06	1.00196e+07
89	142.821	-361.554	-219.93	-739.951	820.943	0.00299218	-2.1384e+06	6.77349e+06	3.47928e+07	469984	-2.6194e+06	11012.5	-469984	-7.81845e+06	1.04268e+07
90	143.568	-365.101	-222.116	-749.481	832.025	0.00311434	-2.2437e+06	7.10248e+06	3.62132e+07	484905	-2.74281e+06	14202.4	-484905	-8.12115e+06	1.08498e+07
91	144.243	-368.664	-224.31	-759.13	843.234	0.00324134	-2.35338e+06	7.44651e+06	3.76901e+07	500175	-2.8718e+06	18246.3	-500175	-8.43522e+06	1.12888e+07
92	145.016	-372.251	-226.518	-768.921	854.594	0.00337367	-2.4677e+06	7.80711e+06	3.92287e+07	515814	-3.00688e+06	23362.2	-515814	-8.76173e+06	1.17452e+07
93	145.688	-375.867	-228.742	-778.878	866.127	0.00351182	-2.58696e+06	8.18587e+06	4.08351e+07	531842	-3.14863e+06	29823.2	-531842	-9.1019e+06	1.22207e+07
94	146.351	-379.512	-230.982	-789.013	877.844	0.00365622	-2.71138e+06	8.58369e+06	4.25142e+07	548266	-3.29761e+06	37965.1	-548266	-9.45666e+06	1.27163e+07
95	146.934	-383.187	-233.239	-799.344	889.76	0.00380741	-2.84117e+06	9.0017e+06	4.42722e+07	565097	-3.45448e+06	48207	-565097	-9.82717e+06	1.32334e+07
96	147.441	-386.893	-235.513	-809.889	901.891	0.00396594	-2.97658e+06	9.44107e+06	4.61156e+07	582341	-3.61999e+06	61069.7	-582341	-1.02147e+07	1.37736e+07
97	147.88	-390.628	-237.803	-820.669	914.254	0.00413249	-3.11784e+06	9.90307e+06	4.80522e+07	600005	-3.79504e+06	77201.9	-600005	-1.06206e+07	1.43385e+07
98	148.26	-394.389	-240.107	-831.7	926.861	0.00430773	-3.26509e+06	1.03886e+07	5.00899e+07	618086	-3.98057e+06	97401.2	-618086	-1.10464e+07	1.49296e+07
99	148.593	-398.174	-242.424	-843.01	939.733	0.00449257	-3.41856e+06	1.08993e+07	5.22392e+07	636588	-4.17782e+06	122672	-636588	-1.14939e+07	1.55491e+07
100	148.879	-401.952	-244.738	-854.564	952.828	0.00468707	-3.57782e+06	1.14322e+07	5.45008e+07	655439	-4.38737e+06	154117	-655439	-1.19629e+07	1.61961e+07
101	149.163	-405.812	-247.097	-866.502	966.257	0.00489363	-3.74273e+06	1.1995e+07	5.69027e+07	674876	-4.61114e+06	193532	-674876	-1.24597e+07	1.68773e+07
102	149.32	-409.386	-249.297	-878.209	979.417	0.00510392	-3.90923e+06	1.25425e+07	5.93479e+07	693920	-4.84377e+06	240618	-693920	-1.29606e+07	1.75638e+07
103	149.801	-413.891	-252.014	-892.617	995.307	0.00536601	-4.10587e+06	1.33079e+07	6.23955e+07	715887	-5.1303e+06	308538	-715887	-1.35883e+07	1.84101e+07
104	148.973	-414.77	-252.72	-898.337	1002.18	0.00549063	-4.21437e+06	1.33657e+07	6.38445e+07	728135	-5.29154e+06	349029	-728135	-1.38618e+07	1.88043e+07
105	153.609	-430.989	-261.923	-945.966	1051.61	0.00637802	-4.75324e+06	1.6944e+07	7.4163e+07	784719	-6.21596e+06	678002	-784719	-1.60329e+07	2.15709e+07
106	154.151	-435.768	-264.79	-966.062	1072.83	0.0068109	-5.01727e+06	1.8278e+07	7.91965e+07	809376	-6.72458e+06	897940	-809376	-1.70344e+07	2.2861e+07
107	150.446	-428.381	-260.923	-948.694	1056.48	0.00650158	-4.90194e+06	1.62887e+07	7.55997e+07	797861	-6.45089e+06	751088	-797861	-1.6229e+07	2.19288e+07
108	150.9	-432.229	-263.276	-965.45	1074.16	0.00687051	-5.12437e+06	1.72737e+07	7.98896e+07	819972	-6.89375e+06	949409	-819972	-1.70731e+07	2.30175e+07
109	150.369	-433.175	-264.019	-973.811	1083.38	0.00707976	-5.26151e+06	1.75231e+07	8.23228e+07	833582	-7.174e+06	1.0789e+06	-833582	-1.75228e+07	2.36179e+07
110	149.983	-434.465	-264.952	-983.693	1094.01	0.00732709	-5.41119e+06	1.78998e+07	8.51987e+07	848408	-7.50167e+06	1.24207e+06	-848408	-1.80579e+07	2.43175e+07
111	149.444	-435.327	-265.647	-992.518	1103.52	0.00755824	-5.54833e+06	1.81763e+07	8.78865e+07	862072	-7.81714e+06	1.40674e+06	-862072	-1.85488e+07	2.49592e+07
112	148.917	-435.998	-266.234	-1001.01	1112.63	0.00778778	-5.67967e+06	1.84159e+07	9.05555e+07	875278	-8.13605e+06	1.5811e+06	-875278	-1.90306e+07	2.55856e+07
113	148.359	-436.353	-266.646	-1008.6	1120.79	0.0080022	-5.80025e+06	1.85674e+07	9.30488e+07	887615	-8.44206e+06	1.7542e+06	-887615	-1.94726e+07	2.61604e+07
114	147.872	-436.664	-267.03	-1016.26	1128.96	0.0082232	-5.9186e+06	1.87189e+07	9.56186e+07	899923	-8.76014e+06	1.94162e+06	-899923	-1.99254e+07	2.6744e+07
115	147.429	-436.837	-267.336	-1023.59	1136.73	0.00844091	-6.03104e+06	1.88326e+07	9.81501e+07	911898	-9.0784e+06	2.13546e+06	-911898	-2.03666e+07	2.73096e+07
116	147.041	-436.896	-267.578	-1030.63	1144.16	0.00865587	-6.13787e+06	1.89121e+07	1.0065e+08	923606	-9.39706e+06	2.33558e+06	-923606	-2.07978e+07	2.78593e+07
117	146.723	-436.864	-267.766	-1037.41	1151.28	0.0088687	-6.23942e+06	1.8961e+07	1.03124e+08	935112	-9.71656e+06	2.54203e+06	-935112	-2.12208e+07	2.83953e+07
118	146.467	-436.76	-267.912	-1043.98	1158.14	0.00908003	-6.33594e+06	1.89828e+07	1.05582e+08	946470	-1.00374e+07	2.75495e+06	-946470	-2.16372e+07	2.89196e+07
119	146.276	-436.598	-268.025	-1050.37	1164.76	0.00929032	-6.42761e+06	1.89799e+07	1.08027e+08	957724	-1.03598e+07	2.97445e+06	-957724	-2.20483e+07	2.94337e+07
120	146.15	-436.393	-268.111	-1056.61	1171.19	0.00950031	-6.51464e+06	1.89558e+07	1.10469e+08	968922	-1.06845e+07	3.20098e+06	-968922	-2.24561e+07	2.99396e+07
121	146.094	-436.18	-268.191	-1062.87	1177.57	0.00971417	-6.59804e+06	1.89262e+07	1.12955e+08	980176	-1.10169e+07	3.43872e+06	-980176	-2.28697e+07	3.04479e+07
122	146.101	-435.982	-268.277	-1069.27	1184.02	0.0099357	-6.67863e+06	1.89052e+07	1.15531e+08	991565	-1.13621e+07	3.69188e+06	-991565	-2.32973e+07	3.09675e+07
123	146.157	-435.795	-268.367	-1075.82	1190.55	0.010165	-6.75624e+06	1.88932e+07	1.18198e+08	1.00308e+06	-1.17204e+07	3.96103e+06	-1.00308e+06	-2.3739e+07	3.14983e+07
124	146.247	-435.615	-268.459	-1082.49	1197.13	0.010402	-6.83065e+06	1.88903e+07	1.20954e+08	1.0147e+06	-1.20919e+07	4.24651e+06	-1.0147e+06	-2.41943e+07	3.20396e+07
125	146.36	-435.437	-268.55	-1089.29	1203.77	0.0106467	-6.9017e+06	1.88966e+07	1.23799e+08	1.02641e+06	-1.24767e+07	4.54863e+06	-1.02641e+06	-2.46629e+07	3.2591e+07
126	146.486	-435.259	-268.639	-1096.2	1210.45	0.010899	-6.9692e+06	1.89123e+07	1.26732e+08	1.0382e+06	-1.28751e+07	4.86769e+06	-1.0382e+06	-2.51446e+07	3.3152e+07
127	146.615	-435.078	-268.725	-1103.21	1217.16	0.0111589	-7.03303e+06	1.89377e+07	1.29754e+08	1.05007e+06	-1.32871e+07	5.20399e+06	-1.05007e+06	-2.56391e+07	3.37223e+07
128	146.74	-434.891	-268.805	-1110.31	1223.9	0.0114263	-7.09306e+06	1.89731e+07	1.32864e+08	1.06201e+06	-1.37129e+07	5.5578e+06	-1.06201e+06	-2.61463e+07	3.43014e+07
129	146.853	-434.698	-268.88	-1117.5	1230.67	0.0117013	-7.14917e+06	1.9019e+07	1.36061e+08	1.074e+06	-1.41526e+07	5.92938e+06	-1.074e+06	-2.66659e+07	3.48891e+07
130	146.948	-434.496	-268.948	-1124.78	1237.46	0.0119839	-7.20128e+06	1.90762e+07	1.39348e+08	1.08605e+06	-1.46064e+07	6.31906e+06	-1.08605e+06	-2.71979e+07	3.54853e+07
131	147.015	-434.289	-269.011	-1132.18	1244.32	0.0122759	-7.24953e+06	1.91513e+07	1.42743e+08	1.09816e+06	-1.50771e+07	6.7294e+06	-1.09816e+06	-2.77457e+07	3.60934e+07
132	147.017	-434.08	-269.071	-1139.76	1251.27	0.0125788	-7.29402e+06	1.92509e+07	1.46266e+08	1.11035e+06	-1.55673e+07	7.16292e+06	-1.11035e+06	-2.83124e+07	3.67168e+07
133	146.916	-433.863	-269.124	-1147.48	1258.32	0.0128927	-7.33466e+06	1.93753e+07	1.49915e+08	1.12258e+06	-1.60772e+07	7.61993e+06	-1.12258e+06	-2.88975e+07	3.73547e+07
134	146.682	-433.635	-269.169	-1155.35	1265.44	0.0132174	-7.37137e+06	1.9525e+07	1.53691e+08	1.13486e+06	-1.66068e+07	8.1006e+06	-1.13486e+06	-2.95004e+07	3.80066e+07
135	146.288	-433.393	-269.205	-1163.35	1272.64	0.013553	-7.40412e+06	1.97013e+07	1.57593e+08	1.14716e+06	-1.71568e+07	8.6055e+06	-1.14716e+06	-3.01212e+07	3.86725e+07
136	145.7	-433.134	-269.228	-1171.47	1279.91	0.0138997	-7.43292e+06	1.99055e+07	1.61625e+08	1.15948e+06	-1.77275e+07	9.1351e+06	-1.15948e+06	-3.07599e+07	3.93523e+07
137	144.886	-432.856	-269.239	-1179.71	1287.24	0.0142572	-7.45774e+06	2.01375e+07	1.65781e+08	1.17181e+06	-1.83188e+07	9.68927e+06	-1.17181e+06	-3.14156e+07	4.00452e+07
138	143.827	-432.555	-269.235	-1188.04	1294.61	0.0146252	-7.4786e+06	2.0397e+07	1.7006e+08	1.18412e+06	-1.89305e+07	1.02677e+07	-1.18412e+06	-3.20876e+07	4.07503e+07
139	142.51	-432.231	-269.216	-1196.45	1302.02	0.0150032	-7.49553e+06	2.06833e+07	1.74456e+08	1.19642e+06	-1.95621e+07	1.08701e+07	-1.19642e+06	-3.27748e+07	4.14667e+07
140	140.93	-431.882	-269.18	-1204.92	1309.46	0.0153912	-7.50858e+06	2.09967e+07	1.78968e+08	1.20869e+06	-2.02136e+07	1.14964e+07	-1.20869e+06	-3.34768e+07	4.2194e+07
141	139.092	-431.512	-269.13	-1213.58	1317.04	0.0157945	-7.51804e+06	2.13581e+07	1.83657e+08	1.22095e+06	-2.08938e+07	1.21548e+07	-1.22095e+06	-3.42034e+07	4.29424e+07
142	137.025	-431.118	-269.065	-1222.53	1324.85	0.0162182	-7.52425e+06	2.17881e+07	1.88584e+08	1.23318e+06	-2.16113e+07	1.28539e+07	-1.23318e+06	-3.49638e+07	4.37212e+07
143	134.754	-430.692	-268.979	-1231.75	1332.87	0.0166618	-7.52737e+06	2.2287e+07	1.93741e+08	1.24535e+06	-2.2366e+07	1.35933e+07	-1.24535e+06	-3.57564e+07	4.45291e+07
144	132.306	-430.227	-268.869	-1241.19	1341.08	0.0171245	-7.52762e+06	2.28537e+07	1.99122e+08	1.25744e+06	-2.31574e+07	1.43724e+07	-1.25744e+06	-3.65791e+07	4.53642e+07
145	129.701	-429.718	-268.731	-1250.82	1349.44	0.0176057	-7.52526e+06	2.34875e+07	2.04717e+08	1.2694e+06	-2.39849e+07	1.51903e+07	-1.2694e+06	-3.74302e+07	4.62249e+07
146	126.961	-429.16	-268.564	-1260.6	1357.93	0.0181044	-7.52061e+06	2.41862e+07	2.10516e+08	1.28122e+06	-2.48475e+07	1.60457e+07	-1.28122e+06	-3.83072e+07	4.71091e+07
147	124.105	-428.551	-268.364	-1270.5	1366.53	0.0186193	-7.514e+06	2.49466e+07	2.16503e+08	1.29289e+06	-2.57435e+07	1.69366e+07	-1.29289e+06	-3.92075e+07	4.80144e+07
148	121.158	-427.887	-268.131	-1280.48	1375.2	0.0191497	-7.50579e+06	2.57667e+07	2.22671e+08	1.30438e+06	-2.66722e+07	1.7862e+07	-1.30438e+06	-4.0129e+07	4.89392e+07
149	118.139	-427.169	-267.864	-1290.53	1383.95	0.019695	-7.49635e+06	2.66459e+07	2.29012e+08	1.3157e+06	-2.76329e+07	1.88209e+07	-1.3157e+06	-4.10706e+07	4.98827e+07
150	115.065	-426.394	-267.562	-1300.62	1392.75	0.0202548	-7.48609e+06	2.75829e+07	2.3552e+08	1.32682e+06	-2.86252e+07	1.98123e+07	-1.32682e+06	-4.20309e+07	5.08438e+07
151	111.953	-425.564	-267.225	-1310.7	1401.55	0.0208263	-7.47541e+06	2.85679e+07	2.42166e+08	1.33774e+06	-2.96449e+07	2.08318e+07	-1.33774e+06	-4.3005e+07	5.18181e+07
152	108.834	-424.681	-266.856	-1320.72	1410.33	0.0214075	-7.46467e+06	2.95926e+07	2.48925e+08	1.34848e+06	-3.06886e+07	2.18754e+07	-1.34848e+06	-4.39889e+07	5.28021e+07
153	105.738	-423.747	-266.454	-1330.7	1419.09	0.0219985	-7.45416e+06	3.06574e+07	2.55797e+08	1.35903e+06	-3.17564e+07	2.29432e+07	-1.35903e+06	-4.49827e+07	5.37959e+07
154	102.689	-422.765	-266.022	-1340.61	1427.83	0.0225994	-7.44419e+06	3.1763e+07	2.62784e+08	1.3694e+06	-3.28486e+07	2.4035e+07	-1.3694e+06	-4.59865e+07	5.48001e+07
155	99.7045	-421.734	-265.559	-1350.48	1436.55	0.0232102	-7.43506e+06	3.29098e+07	2.69886e+08	1.37959e+06	-3.39656e+07	2.51509e+07	-1.37959e+06	-4.70002e+07	5.58148e+07
156	96.7967	-420.657	-265.066	-1360.3	1445.26	0.0238309	-7.42707e+06	3.4098e+07	2.77103e+08	1.3896e+06	-3.51073e+07	2.62906e+07	-1.3896e+06	-4.80237e+07	5.68404e+07
157	93.9752	-419.535	-264.545	-1370.07	1453.95	0.0244615	-7.42051e+06	3.53273e+07	2.84436e+08	1.39944e+06	-3.62738e+07	2.74539e+07	-1.39944e+06	-4.90568e+07	5.78768e+07
158	91.2468	-418.37	-263.995	-1379.78	1462.63	0.0251018	-7.41567e+06	3.65975e+07	2.91882e+08	1.40909e+06	-3.74651e+07	2.86404e+07	-1.40909e+06	-5.00994e+07	5.89241e+07
159	88.6158	-417.162	-263.418	-1389.44	1471.29	0.0257518	-7.41284e+06	3.7908e+07	2.9944e+08	1.41858e+06	-3.86811e+07	2.98497e+07	-1.41858e+06	-5.11509e+07	5.99823e+07
160	86.0849	-415.914	-262.814	-1399.03	1479.94	0.0264111	-7.41229e+06	3.92572e+07	3.07106e+08	1.42789e+06	-3.99211e+07	3.10809e+07	-1.42789e+06	-5.22108e+07	6.1051e+07
161	83.655	-414.63	-262.187	-1408.5	1488.5	0.0270753	-7.41437e+06	4.06248e+07	3.14829e+08	1.43705e+06	-4.11772e+07	3.23258e+07	-1.43705e+06	-5.32715e+07	6.21229e+07
162	81.3225	-413.319	-261.541	-1417.78	1496.93	0.0277402	-7.41922e+06	4.19912e+07	3.2256e+08	1.44609e+06	-4.24416e+07	3.35763e+07	-1.44609e+06	-5.43264e+07	6.31917e+07
163	79.0832	-411.985	-260.877	-1426.87	1505.24	0.0284058	-7.42677e+06	4.33556e+07	3.303e+08	1.45503e+06	-4.37143e+07	3.48325e+07	-1.45503e+06	-5.53757e+07	6.42575e+07
164	76.9337	-410.629	-260.199	-1435.8	1513.42	0.0290725	-7.43695e+06	4.47181e+07	3.38052e+08	1.46387e+06	-4.49953e+07	3.60945e+07	-1.46387e+06	-5.64202e+07	6.53211e+07
165	74.8717	-409.256	-259.507	-1444.57	1521.5	0.0297404	-7.44968e+06	4.6079e+07	3.45818e+08	1.47263e+06	-4.6285e+07	3.73627e+07	-1.47263e+06	-5.74605e+07	6.63828e+07
166	72.8955	-407.868	-258.803	-1453.2	1529.47	0.0304097	-7.46484e+06	4.74385e+07	3.53602e+08	1.48132e+06	-4.75834e+07	3.86372e+07	-1.48132e+06	-5.84971e+07	6.74432e+07
167	71.0032	-406.468	-258.089	-1461.69	1537.35	0.0310808	-7.48233e+06	4.87968e+07	3.61405e+08	1.48995e+06	-4.88908e+07	3.99185e+07	-1.48995e+06	-5.95306e+07	6.85029e+07
168	69.1939	-405.057	-257.366	-1470.04	1545.13	0.0317537	-7.50205e+06	5.01541e+07	3.6923e+08	1.49852e+06	-5.02074e+07	4.12068e+07	-1.49852e+06	-6.05615e+07	6.9562e+07
169	67.4669	-403.638	-256.634	-1478.28	1552.83	0.0324287	-7.52387e+06	5.15105e+07	3.77078e+08	1.50705e+06	-5.15332e+07	4.25023e+07	-1.50705e+06	-6.15902e+07	7.06211e+07
170	65.8221	-402.213	-255.897	-1486.41	1560.44	0.0331059	-7.54768e+06	5.28664e+07	3.84953e+08	1.51554e+06	-5.28685e+07	4.38053e+07	-1.51554e+06	-6.26173e+07	7.16805e+07
171	64.2578	-400.782	-255.152	-1494.45	1568	0.0337871	-7.5733e+06	5.42294e+07	3.92874e+08	1.52399e+06	-5.42164e+07	4.51191e+07	-1.52399e+06	-6.36456e+07	7.27429e+07
172	62.7662	-399.344	-254.401	-1502.42	1575.52	0.0344739	-7.60064e+06	5.56071e+07	4.0086e+08	1.53241e+06	-5.55799e+07	4.64469e+07	-1.53241e+06	-6.4678e+07	7.3811e+07
173	61.3393	-397.901	-253.644	-1510.35	1583.01	0.0351664	-7.62966e+06	5.69993e+07	4.08911e+08	1.54078e+06	-5.6959e+07	4.77886e+07	-1.54078e+06	-6.57144e+07	7.48848e+07
174	59.9697	-396.453	-252.881	-1518.21	1590.46	0.0358645	-7.6603e+06	5.84059e+07	4.17029e+08	1.54912e+06	-5.83537e+07	4.91442e+07	-1.54912e+06	-6.6755e+07	7.59644e+07
175	58.6514	-395.003	-252.113	-1526.02	1597.88	0.0365683	-7.69253e+06	5.98267e+07	4.25213e+08	1.55743e+06	-5.97639e+07	5.05139e+07	-1.55743e+06	-6.77999e+07	7.70499e+07
176	57.3788	-393.55	-251.341	-1533.78	1605.27	0.0372778	-7.72627e+06	6.12615e+07	4.33463e+08	1.56571e+06	-6.11897e+07	5.18977e+07	-1.56571e+06	-6.88493e+07	7.81412e+07
177	56.1471	-392.095	-250.565	-1541.49	1612.62	0.0379931	-7.76149e+06	6.27102e+07	4.41781e+08	1.57398e+06	-6.26311e+07	5.32956e+07	-1.57398e+06	-6.99031e+07	7.92386e+07
178	54.9521	-390.64	-249.786	-1549.15	1619.94	0.0387142	-7.79811e+06	6.41728e+07	4.50165e+08	1.58222e+06	-6.4088e+07	5.47077e+07	-1.58222e+06	-7.09616e+07	8.03419e+07
179	53.7902	-389.185	-249.004	-1556.76	1627.24	0.0394412	-7.83608e+06	6.56493e+07	4.58618e+08	1.59044e+06	-6.55606e+07	5.61341e+07	-1.59044e+06	-7.20249e+07	8.14514e+07
180	52.6583	-387.732	-248.221	-1564.34	1634.5	0.040174	-7.87534e+06	6.71395e+07	4.6714e+08	1.59865e+06	-6.70489e+07	5.75749e+07	-1.59865e+06	-7.3093e+07	8.2567e+07
181	51.5541	-386.28	-247.435	-1571.86	1641.74	0.0409127	-7.91583e+06	6.86433e+07	4.7573e+08	1.60686e+06	-6.85527e+07	5.903e+07	-1.60686e+06	-7.41662e+07	8.36888e+07
182	50.4766	-384.83	-246.648	-1579.35	1648.95	0.0416574	-7.95747e+06	7.01605e+07	4.84388e+08	1.61505e+06	-7.00722e+07	6.04996e+07	-1.61505e+06	-7.52443e+07	8.48169e+07
183	49.4256	-383.384	-245.861	-1586.8	1656.14	0.042408	-8.00022e+06	7.16913e+07	4.93117e+08	1.62324e+06	-7.16073e+07	6.19838e+07	-1.62324e+06	-7.63277e+07	8.59512e+07
184	48.4006	-381.941	-245.073	-1594.21	1663.3	0.0431647	-8.04398e+06	7.32357e+07	5.01915e+08	1.63142e+06	-7.31581e+07	6.34827e+07	-1.63142e+06	-7.74165e+07	8.70919e+07
185	47.4015	-380.503	-244.285	-1601.59	1670.43	0.0439275	-8.08871e+06	7.47939e+07	5.10785e+08	1.63961e+06	-7.47249e+07	6.49965e+07	-1.63961e+06	-7.85108e+07	8.82391e+07
186	46.4281	-379.069	-243.497	-1608.94	1677.54	0.0446967	-8.13434e+06	7.63669e+07	5.1973e+08	1.6478e+06	-7.63079e+07	6.65257e+07	-1.6478e+06	-7.9611e+07	8.93931e+07
187	45.4802	-377.64	-242.709	-1616.25	1684.64	0.0454726	-8.18081e+06	7.79559e+07	5.28751e+08	1.65599e+06	-7.79077e+07	6.80709e+07	-1.65599e+06	-8.07177e+07	9.05544e+07
188	44.5578	-376.216	-241.922	-1623.54	1691.71	0.0462551	-8.22807e+06	7.95609e+07	5.3785e+08	1.66418e+06	-7.95243e+07	6.9632e+07	-1.66418e+06	-8.18308e+07	9.1723e+07
189	43.6609	-374.797	-241.136	-1630.81	1698.77	0.0470444	-8.27609e+06	8.1182e+07	5.47028e+08	1.67237e+06	-8.11578e+07	7.12093e+07	-1.67237e+06	-8.29505e+07	9.2899e+07
190	42.7897	-373.384	-240.35	-1638.05	1705.81	0.0478404	-8.32482e+06	8.28191e+07	5.56284e+08	1.68058e+06	-8.28082e+07	7.28028e+07	-1.68058e+06	-8.40769e+07	9.40823e+07
191	41.9439	-371.977	-239.567	-1645.27	1712.84	0.0486433	-8.37422e+06	8.44729e+07	5.6562e+08	1.68879e+06	-8.44758e+07	7.44128e+07	-1.68879e+06	-8.52102e+07	9.52733e+07
192	41.1224	-370.577	-238.784	-1652.46	1719.85	0.0494533	-8.42424e+06	8.61435e+07	5.75038e+08	1.697e+06	-8.61608e+07	7.60396e+07	-1.697e+06	-8.63507e+07	9.64719e+07
193	40.3237	-369.183	-238.003	-1659.64	1726.84	0.0502703	-8.47485e+06	8.78313e+07	5.84538e+08	1.70523e+06	-8.78632e+07	7.76831e+07	-1.70523e+06	-8.74983e+07	9.76784e+07
194	39.5463	-367.795	-237.224	-1666.79	1733.83	0.0510944	-8.52601e+06	8.95361e+07	5.94121e+08	1.71346e+06	-8.95831e+07	7.93436e+07	-1.71346e+06	-8.86532e+07	9.88927e+07
195	38.789	-366.415	-236.447	-1673.93	1740.8	0.0519256	-8.57769e+06	9.1258e+07	6.03787e+08	1.72171e+06	-9.13206e+07	8.10211e+07	-1.72171e+06	-8.98154e+07	1.00115e+08
196	38.0506	-365.042	-235.672	-1681.05	1747.75	0.0527641	-8.62984e+06	9.29972e+07	6.13536e+08	1.72997e+06	-9.30756e+07	8.27158e+07	-1.72997e+06	-9.09851e+07	1.01345e+08
197	37.3299	-363.675	-234.899	-1688.16	1754.69	0.0536098	-8.68244e+06	9.47536e+07	6.23369e+08	1.73824e+06	-9.48484e+07	8.44277e+07	-1.73824e+06	-9.21624e+07	1.02583e+08
198	36.626	-362.317	-234.129	-1695.24	1761.63	0.0544627	-8.73544e+06	9.65275e+07	6.33287e+08	1.74652e+06	-9.66389e+07	8.6157e+07	-1.74652e+06	-9.33473e+07	1.03829e+08
199	35.9378	-360.966	-233.361	-1702.31	1768.54	0.055323	-8.78882e+06	9.83189e+07	6.43291e+08	1.75482e+06	-9.84473e+07	8.79037e+07	-1.75482e+06	-9.45399e+07	1.05084e+08
200	35.2644	-359.622	-232.595	-1709.37	1775.45	0.0561907	-8.84253e+06	1.00128e+08	6.5338e+08	1.76313e+06	-1.00274e+08	8.9668e+07	-1.76313e+06	-9.57403e+07	1.06346e+08
201	34.6049	-358.287	-231.833	-1716.41	1782.35	0.057066	-8.89654e+06	1.01956e+08	6.63558e+08	1.77146e+06	-1.02118e+08	9.14504e+07	-1.77146e+06	-9.6949e+07	1.07617e+08
202	33.9585	-356.959	-231.073	-1723.45	1789.24	0.0579492	-8.95083e+06	1.03804e+08	6.73828e+08	1.7798e+06	-1.03982e+08	9.32515e+07	-1.7798e+06	-9.81662e+07	1.08897e+08
203	33.3245	-355.638	-230.316	-1730.47	1796.13	0.0588404	-9.00537e+06	1.05672e+08	6.84191e+08	1.78816e+06	-1.05865e+08	9.50715e+07	-1.78816e+06	-9.93922e+07	1.10186e+08
204	32.7022	-354.326	-229.562	-1737.49	1803	0.0597396	-9.06015e+06	1.0756e+08	6.94647e+08	1.79653e+06	-1.07767e+08	9.69104e+07	-1.79653e+06	-1.00627e+08	1.11484e+08
205	32.091	-353.021	-228.81	-1744.5	1809.88	0.060647	-9.11514e+06	1.0947e+08	7.05197e+08	1.80492e+06	-1.09688e+08	9.87684e+07	-1.80492e+06	-1.01871e+08	1.12791e+08
206	31.4903	-351.723	-228.062	-1751.5	1816.74	0.0615624	-9.17033e+06	1.114e+08	7.15842e+08	1.81332e+06	-1.11629e+08	1.00646e+08	-1.81332e+06	-1.03123e+08	1.14107e+08
207	30.9001	-350.434	-227.316	-1758.49	1823.6	0.062486	-9.22569e+06	1.1335e+08	7.26582e+08	1.82173e+06	-1.13589e+08	1.02542e+08	-1.82173e+06	-1.04385e+08	1.15432e+08
208	30.3205	-349.152	-226.574	-1765.48	1830.46	0.0634179	-9.28122e+06	1.15322e+08	7.37417e+08	1.83016e+06	-1.15569e+08	1.04458e+08	-1.83016e+06	-1.05656e+08	1.16767e+08
209	29.7514	-347.879	-225.834	-1772.46	1837.31	0.064358	-9.33689e+06	1.17315e+08	7.48349e+08	1.83861e+06	-1.17569e+08	1.06393e+08	-1.83861e+06	-1.06936e+08	1.18111e+08
210	29.1929	-346.613	-225.098	-1779.43	1844.15	0.0653066	-9.39269e+06	1.1933e+08	7.59379e+08	1.84707e+06	-1.19588e+08	1.08349e+08	-1.84707e+06	-1.08225e+08	1.19465e+08
211	28.6449	-345.354	-224.365	-1786.4	1850.99	0.0662636	-9.4486e+06	1.21366e+08	7.70507e+08	1.85555e+06	-1.21628e+08	1.10324e+08	-1.85555e+06	-1.09524e+08	1.20828e+08
212	28.1075	-344.104	-223.635	-1793.36	1857.83	0.0672291	-9.50462e+06	1.23425e+08	7.81734e+08	1.86405e+06	-1.23688e+08	1.12319e+08	-1.86405e+06	-1.10832e+08	1.22201e+08
213	27.5804	-342.861	-222.908	-1800.32	1864.66	0.0682033	-9.56072e+06	1.25506e+08	7.93061e+08	1.87256e+06	-1.25768e+08	1.14335e+08	-1.87256e+06	-1.12151e+08	1.23584e+08
214	27.0636	-341.626	-222.185	-1807.28	1871.5	0.0691861	-9.6169e+06	1.27609e+08	8.04489e+08	1.88108e+06	-1.27868e+08	1.1637e+08	-1.88108e+06	-1.13478e+08	1.24976e+08
215	26.557	-340.399	-221.464	-1814.23	1878.32	0.0701776	-9.67315e+06	1.29735e+08	8.16019e+08	1.88962e+06	-1.2999e+08	1.18427e+08	-1.88962e+06	-1.14816e+08	1.26379e+08
216	26.0603	-339.18	-220.747	-1821.18	1885.15	0.0711779	-9.72946e+06	1.31884e+08	8.2765e+08	1.89818e+06	-1.32131e+08	1.20504e+08	-1.89818e+06	-1.16164e+08	1.27791e+08
217	25.5736	-337.968	-220.033	-1828.13	1891.97	0.0721871	-9.78583e+06	1.34057e+08	8.39385e+08	1.90675e+06	-1.34294e+08	1.22602e+08	-1.90675e+06	-1.17521e+08	1.29214e+08
218	25.0965	-336.763	-219.323	-1835.07	1898.8	0.0732053	-9.84224e+06	1.36253e+08	8.51225e+08	1.91534e+06	-1.36478e+08	1.24721e+08	-1.91534e+06	-1.18889e+08	1.30647e+08
219	24.6291	-335.566	-218.615	-1842.02	1905.62	0.0742325	-9.89869e+06	1.38473e+08	8.63168e+08	1.92394e+06	-1.38683e+08	1.26861e+08	-1.92394e+06	-1.20267e+08	1.3209e+08
220	24.1711	-334.377	-217.911	-1848.96	1912.44	0.0752687	-9.95519e+06	1.40717e+08	8.75218e+08	1.93255e+06	-1.4091e+08	1.29022e+08	-1.93255e+06	-1.21655e+08	1.33543e+08
221	23.7225	-333.195	-217.21	-1855.9	1919.25	0.0763141	-1.00117e+07	1.42985e+08	8.87374e+08	1.94118e+06	-1.43158e+08	1.31205e+08	-1.94118e+06	-1.23054e+08	1.35007e+08
222	23.283	-332.02	-216.512	-1862.84	1926.07	0.0773688	-1.00683e+07	1.45278e+08	8.99637e+08	1.94982e+06	-1.45428e+08	1.33409e+08	-1.94982e+06	-1.24464e+08	1.36482e+08
223	22.8525	-330.852	-215.817	-1869.77	1932.89	0.0784327	-1.01249e+07	1.47595e+08	9.12008e+08	1.95848e+06	-1.47719e+08	1.35636e+08	-1.95848e+06	-1.25883e+08	1.37967e+08
224	22.4309	-329.692	-215.126	-1876.71	1939.71	0.079506	-1.01815e+07	1.49938e+08	9.24488e+08	1.96715e+06	-1.50032e+08	1.37884e+08	-1.96715e+06	-1.27314e+08	1.39463e+08
225	22.0181	-328.539	-214.438	-1883.65	1946.52	0.0805887	-1.02382e+07	1.52306e+08	9.37077e+08	1.97583e+06	-1.52368e+08	1.40154e+08	-1.97583e+06	-1.28755e+08	1.40969e+08
226	21.6138	-327.392	-213.753	-1890.58	1953.34	0.0816808	-1.02948e+07	1.547e+08	9.49777e+08	1.98453e+06	-1.54726e+08	1.42446e+08	-1.98453e+06	-1.30208e+08	1.42487e+08
227	21.218	-326.253	-213.071	-1897.52	1960.16	0.0827826	-1.03516e+07	1.57119e+08	9.62588e+08	1.99324e+06	-1.57106e+08	1.44761e+08	-1.99324e+06	-1.31671e+08	1.44016e+08
228	20.8304	-325.121	-212.392	-1904.46	1966.98	0.083894	-1.04083e+07	1.59564e+08	9.75511e+08	2.00196e+06	-1.59509e+08	1.47098e+08	-2.00196e+06	-1.33145e+08	1.45555e+08
229	20.451	-323.995	-211.716	-1911.4	1973.8	0.0850151	-1.04652e+07	1.62036e+08	9.88547e+08	2.01069e+06	-1.61934e+08	1.49458e+08	-2.01069e+06	-1.3463e+08	1.47106e+08
230	20.0795	-322.876	-211.043	-1918.34	1980.62	0.0861459	-1.0522e+07	1.64535e+08	1.0017e+09	2.01943e+06	-1.64382e+08	1.51841e+08	-2.01943e+06	-1.36127e+08	1.48668e+08
231	19.716	-321.763	-210.373	-1925.28	1987.44	0.0872863	-1.0579e+07	1.67058e+08	1.01496e+09	2.02818e+06	-1.66853e+08	1.54246e+08	-2.02818e+06	-1.37634e+08	1.50241e+08
232	19.3601	-320.658	-209.707	-1932.21	1994.26	0.0884359	-1.06359e+07	1.69606e+08	1.02832e+09	2.03695e+06	-1.69345e+08	1.56672e+08	-2.03695e+06	-1.39152e+08	1.51825e+08
233	19.0118	-319.559	-209.044	-1939.15	2001.08	0.0895949	-1.0693e+07	1.72177e+08	1.0418e+09	2.04573e+06	-1.7186e+08	1.59121e+08	-2.04573e+06	-1.40681e+08	1.53419e+08
234	18.6709	-318.468	-208.384	-1946.08	2007.89	0.0907633	-1.07501e+07	1.74772e+08	1.05539e+09	2.05452e+06	-1.74396e+08	1.61592e+08	-2.05452e+06	-1.4222e+08	1.55024e+08
235	18.3372	-317.383	-207.727	-1953.01	2014.7	0.0919412	-1.08072e+07	1.77392e+08	1.06908e+09	2.06332e+06	-1.76955e+08	1.64085e+08	-2.06332e+06	-1.4377e+08	1.5664e+08
236	18.0106	-316.304	-207.073	-1959.93	2021.52	0.0931286	-1.08643e+07	1.80037e+08	1.08289e+09	2.07214e+06	-1.79537e+08	1.666e+08	-2.07214e+06	-1.45331e+08	1.58267e+08
237	17.691	-315.233	-206.423	-1966.86	2028.33	0.0943257	-1.09214e+07	1.82707e+08	1.09681e+09	2.08096e+06	-1.82141e+08	1.69138e+08	-2.08096e+06	-1.46903e+08	1.59905e+08
238	17.3783	-314.168	-205.776	-1973.78	2035.14	0.0955325	-1.09786e+07	1.85402e+08	1.11084e+09	2.0898e+06	-1.84767e+08	1.71699e+08	-2.0898e+06	-1.48486e+08	1.61554e+08
239	17.0721	-313.109	-205.132	-1980.71	2041.95	0.0967491	-1.10358e+07	1.88123e+08	1.12499e+09	2.09865e+06	-1.87417e+08	1.74283e+08	-2.09865e+06	-1.5008e+08	1.63214e+08
240	16.7726	-312.058	-204.491	-1987.63	2048.76	0.0979755	-1.10929e+07	1.90869e+08	1.13925e+09	2.10752e+06	-1.9009e+08	1.76889e+08	-2.10752e+06	-1.51685e+08	1.64886e+08
241	16.4794	-311.012	-203.854	-1994.55	2055.56	0.0992118	-1.11501e+07	1.93642e+08	1.15363e+09	2.11639e+06	-1.92786e+08	1.79519e+08	-2.11639e+06	-1.53302e+08	1.66569e+08
242	16.1925	-309.973	-203.219	-2001.48	2062.37	0.100458	-1.12073e+07	1.9644e+08	1.16812e+09	2.12528e+06	-1.95505e+08	1.82172e+08	-2.12528e+06	-1.5493e+08	1.68263e+08
243	15.9117	-308.94	-202.588	-2008.4	2069.18	0.101714	-1.12644e+07	1.99265e+08	1.18272e+09	2.13418e+06	-1.98247e+08	1.84849e+08	-2.13418e+06	-1.5657e+08	1.69969e+08
244	15.6369	-307.914	-201.96	-2015.32	2075.99	0.102981	-1.13216e+07	2.02116e+08	1.19745e+09	2.14308e+06	-2.01013e+08	1.87549e+08	-2.14308e+06	-1.58221e+08	1.71686e+08
245	15.368	-306.894	-201.335	-2022.25	2082.8	0.104257	-1.13788e+07	2.04994e+08	1.21229e+09	2.152e+06	-2.03803e+08	1.90272e+08	-2.152e+06	-1.59884e+08	1.73415e+08
246	15.1048	-305.88	-200.713	-2029.17	2089.61	0.105543	-1.14359e+07	2.07898e+08	1.22725e+09	2.16093e+06	-2.06616e+08	1.93019e+08	-2.16093e+06	-1.61558e+08	1.75155e+08
247	14.8472	-304.872	-200.094	-2036.09	2096.42	0.10684	-1.14931e+07	2.10829e+08	1.24233e+09	2.16987e+06	-2.09453e+08	1.9579e+08	-2.16987e+06	-1.63245e+08	1.76907e+08
248	14.5951	-303.871	-199.478	-2043.01	2103.23	0.108147	-1.15502e+07	2.13788e+08	1.25752e+09	2.17882e+06	-2.12314e+08	1.98585e+08	-2.17882e+06	-1.64942e+08	1.78672e+08
249	14.3484	-302.875	-198.865	-2049.94	2110.04	0.109464	-1.16074e+07	2.16773e+08	1.27284e+09	2.18778e+06	-2.152e+08	2.01405e+08	-2.18778e+06	-1.66652e+08	1.80447e+08
250	14.1069	-301.885	-198.255	-2056.86	2116.85	0.110792	-1.16645e+07	2.19787e+08	1.28828e+09	2.19675e+06	-2.18109e+08	2.04248e+08	-2.19675e+06	-1.68374e+08	1.82235e+08
# Source S1·R5 [input_traj copy.txt] (B=8.6e-11, Le=0, Lmu=-0.4, Ltau=0.4, eos=1, nf=3)
80	202.866	-494.724	-290.471	-1010.57	1093.89	0.00514982	-4.0414e+06	1.45373e+07	5.98817e+07	723700	-5.44677e+06	681673	-723700	-1.85059e+07	2.3271e+07
81	203.295	-498.581	-292.837	-1029.46	1113.34	0.00547506	-4.22792e+06	1.51341e+07	6.36635e+07	744277	-5.91593e+06	943741	-744277	-1.95495e+07	2.45216e+07
82	203.287	-501.366	-294.62	-1047.36	1131.51	0.00580275	-4.39466e+06	1.56447e+07	6.74739e+07	762023	-6.41405e+06	1.25737e+06	-762023	-2.05755e+07	2.57322e+07
83	202.884	-503.165	-295.867	-1064.07	1148.27	0.00612735	-4.54141e+06	1.60703e+07	7.12483e+07	777064	-6.93245e+06	1.61397e+06	-777064	-2.15669e+07	2.68854e+07
84	202.159	-504.143	-296.667	-1079.59	1163.67	0.00644637	-4.6704e+06	1.64224e+07	7.49578e+07	789798	-7.46515e+06	2.00495e+06	-789798	-2.2518e+07	2.79782e+07
85	201.186	-504.475	-297.116	-1094.07	1177.92	0.00676014	-4.78476e+06	1.6717e+07	7.86063e+07	800701	-8.01002e+06	2.42456e+06	-800701	-2.34325e+07	2.9018e+07
86	200.022	-504.295	-297.286	-1107.57	1191.12	0.00706736	-4.88696e+06	1.69608e+07	8.21786e+07	810139	-8.56249e+06	2.8654e+06	-810139	-2.4309e+07	3.0006e+07
87	199.485	-503.729	-297.246	-1120.29	1203.5	0.00737035	-4.97962e+06	1.71682e+07	8.57017e+07	818477	-9.12402e+06	3.32591e+06	-818477	-2.51567e+07	3.09548e+07
88	198.947	-502.873	-297.047	-1132.49	1215.31	0.00767315	-5.06493e+06	1.73567e+07	8.92226e+07	826001	-9.69978e+06	3.80884e+06	-826001	-2.59893e+07	3.18802e+07
89	197.987	-501.782	-296.719	-1144.2	1226.6	0.00797546	-5.14408e+06	1.75287e+07	9.27379e+07	832869	-1.02881e+07	4.31118e+06	-832869	-2.6807e+07	3.2784e+07
90	196.645	-500.502	-296.288	-1155.48	1237.44	0.00827742	-5.21812e+06	1.7687e+07	9.62491e+07	839217	-1.08883e+07	4.83094e+06	-839217	-2.76114e+07	3.36687e+07
91	195.148	-499.071	-295.773	-1166.35	1247.88	0.00857924	-5.28792e+06	1.78335e+07	9.97586e+07	845158	-1.14997e+07	5.36663e+06	-845158	-2.84037e+07	3.45368e+07
92	193.754	-497.519	-295.191	-1176.91	1257.99	0.00888207	-5.3542e+06	1.79729e+07	1.0328e+08	850782	-1.21238e+07	5.91878e+06	-850782	-2.91882e+07	3.53932e+07
93	192.208	-495.868	-294.553	-1187.2	1267.84	0.0091869	-5.41756e+06	1.81092e+07	1.06824e+08	856158	-1.27617e+07	6.48803e+06	-856158	-2.9968e+07	3.62418e+07
94	190.581	-494.137	-293.87	-1197.26	1277.45	0.00949402	-5.47842e+06	1.82437e+07	1.10396e+08	861338	-1.34137e+07	7.07397e+06	-861338	-3.07445e+07	3.70842e+07
95	188.825	-492.339	-293.149	-1207.13	1286.86	0.00980389	-5.53719e+06	1.83782e+07	1.13999e+08	866364	-1.40803e+07	7.67673e+06	-866364	-3.15192e+07	3.79228e+07
96	186.955	-490.486	-292.396	-1216.82	1296.11	0.0101169	-5.59416e+06	1.85142e+07	1.17638e+08	871269	-1.47618e+07	8.29639e+06	-871269	-3.22935e+07	3.87589e+07
97	184.989	-488.586	-291.616	-1226.35	1305.2	0.0104334	-5.64961e+06	1.86531e+07	1.21319e+08	876080	-1.54589e+07	8.93317e+06	-876080	-3.30687e+07	3.95944e+07
98	182.953	-486.649	-290.813	-1235.76	1314.17	0.0107537	-5.70378e+06	1.87957e+07	1.25043e+08	880820	-1.61716e+07	9.58703e+06	-880820	-3.38454e+07	4.043e+07
99	180.868	-484.678	-289.989	-1245.05	1323.02	0.0110782	-5.75684e+06	1.89439e+07	1.28816e+08	885505	-1.69011e+07	1.02588e+07	-885505	-3.46254e+07	4.12678e+07
100	178.757	-482.683	-289.149	-1254.2	1331.75	0.011406	-5.80904e+06	1.9094e+07	1.32628e+08	890156	-1.7645e+07	1.09458e+07	-890156	-3.5406e+07	4.21052e+07
101	176.644	-480.687	-288.307	-1263.32	1340.42	0.0117398	-5.85836e+06	1.92545e+07	1.36509e+08	894851	-1.84081e+07	1.16549e+07	-894851	-3.61955e+07	4.29487e+07
102	174.535	-478.669	-287.449	-1271.99	1348.72	0.0120666	-5.9096e+06	1.93801e+07	1.40309e+08	899519	-1.91644e+07	1.23553e+07	-899519	-3.69591e+07	4.37682e+07
103	172.413	-476.544	-286.53	-1282.11	1358.27	0.0124495	-5.95733e+06	1.97042e+07	1.44762e+08	903881	-2.0048e+07	1.31868e+07	-903881	-3.78568e+07	4.4718e+07
104	170.441	-474.747	-285.788	-1286.73	1363.05	0.0126516	-6.0162e+06	1.93392e+07	1.47111e+08	909351	-2.05486e+07	1.36231e+07	-909351	-3.82958e+07	4.52214e+07
105	167.961	-471.416	-284.201	-1313.15	1386.76	0.0136328	-6.02298e+06	2.19547e+07	1.5852e+08	909856	-2.2758e+07	1.58251e+07	-909856	-4.06502e+07	4.7583e+07
106	165.802	-468.847	-283.028	-1324.34	1397.46	0.0140974	-6.08621e+06	2.26093e+07	1.63923e+08	912877	-2.38654e+07	1.68663e+07	-912877	-4.1704e+07	4.87031e+07
107	164.217	-467.783	-282.68	-1318.87	1393.51	0.0139412	-6.17824e+06	2.07742e+07	1.62107e+08	920847	-2.35865e+07	1.64875e+07	-920847	-4.12563e+07	4.83554e+07
108	162.443	-465.532	-281.675	-1328.89	1403.02	0.0143652	-6.22758e+06	2.12136e+07	1.67037e+08	924968	-2.4602e+07	1.74495e+07	-924968	-4.22129e+07	4.93655e+07
109	160.829	-463.592	-280.838	-1335.09	1409.19	0.0146505	-6.28618e+06	2.10921e+07	1.70355e+08	930143	-2.53121e+07	1.80957e+07	-930143	-4.28299e+07	5.00462e+07
110	159.246	-461.612	-279.976	-1342.02	1415.99	0.0149687	-6.34137e+06	2.1084e+07	1.74055e+08	935221	-2.60997e+07	1.88232e+07	-935221	-4.35223e+07	5.07989e+07
111	157.693	-459.687	-279.14	-1348.56	1422.43	0.0152757	-6.39621e+06	2.10142e+07	1.77624e+08	940507	-2.68654e+07	1.95287e+07	-940507	-4.41844e+07	5.15211e+07
112	156.246	-457.792	-278.317	-1355.02	1428.78	0.0155837	-6.44957e+06	2.09312e+07	1.81206e+08	945924	-2.76366e+07	2.02411e+07	-945924	-4.48459e+07	5.22414e+07
113	154.907	-455.949	-277.519	-1361.17	1434.85	0.0158834	-6.502e+06	2.0797e+07	1.84691e+08	951541	-2.83914e+07	2.09379e+07	-951541	-4.54848e+07	5.29383e+07
114	153.675	-454.125	-276.729	-1367.41	1440.98	0.0161904	-6.55212e+06	2.0674e+07	1.8826e+08	957254	-2.91658e+07	2.16564e+07	-957254	-4.61383e+07	5.36477e+07
115	152.557	-452.338	-275.955	-1373.58	1447.02	0.0164979	-6.60027e+06	2.05351e+07	1.91836e+08	963114	-2.99439e+07	2.23805e+07	-963114	-4.67907e+07	5.43541e+07
116	151.552	-450.585	-275.196	-1379.68	1452.98	0.0168065	-6.64625e+06	2.03821e+07	1.95425e+08	969120	-3.07268e+07	2.31114e+07	-969120	-4.74432e+07	5.50586e+07
117	150.668	-448.867	-274.454	-1385.74	1458.89	0.0171168	-6.68986e+06	2.02171e+07	1.99033e+08	975270	-3.15158e+07	2.38506e+07	-975270	-4.80974e+07	5.57625e+07
118	149.886	-447.184	-273.726	-1391.77	1464.74	0.0174293	-6.7309e+06	2.00421e+07	2.02666e+08	981564	-3.2312e+07	2.45995e+07	-981564	-4.87546e+07	5.64671e+07
119	149.204	-445.535	-273.014	-1397.77	1470.56	0.0177444	-6.7692e+06	1.98586e+07	2.0633e+08	988002	-3.31162e+07	2.5359e+07	-988002	-4.9416e+07	5.71732e+07
120	148.614	-443.92	-272.318	-1403.78	1476.34	0.0180627	-6.80457e+06	1.96691e+07	2.10032e+08	994580	-3.39299e+07	2.61307e+07	-994580	-5.00828e+07	5.7882e+07
121	148.108	-442.331	-271.632	-1409.85	1482.16	0.0183876	-6.83666e+06	1.94865e+07	2.13809e+08	1.00128e+06	-3.47607e+07	2.69228e+07	-1.00128e+06	-5.07628e+07	5.86007e+07
122	147.669	-440.764	-270.955	-1416.05	1488.07	0.0187219	-6.86527e+06	1.93231e+07	2.17696e+08	1.00807e+06	-3.5616e+07	2.77426e+07	-1.00807e+06	-5.14625e+07	5.93359e+07
123	147.28	-439.215	-270.284	-1422.38	1494.07	0.0190659	-6.89045e+06	1.91796e+07	2.21696e+08	1.01496e+06	-3.64962e+07	2.85908e+07	-1.01496e+06	-5.21822e+07	6.00876e+07
124	146.929	-437.684	-269.621	-1428.83	1500.16	0.0194195	-6.91226e+06	1.90561e+07	2.25809e+08	1.02193e+06	-3.74017e+07	2.94676e+07	-1.02193e+06	-5.29217e+07	6.08558e+07
125	146.603	-436.171	-268.963	-1435.41	1506.33	0.0197829	-6.93075e+06	1.89527e+07	2.30034e+08	1.02899e+06	-3.83327e+07	3.0373e+07	-1.02899e+06	-5.36808e+07	6.16406e+07
126	146.292	-434.675	-268.31	-1442.09	1512.58	0.020156	-6.94598e+06	1.88698e+07	2.34373e+08	1.03613e+06	-3.92894e+07	3.13073e+07	-1.03613e+06	-5.44596e+07	6.24417e+07
127	145.987	-433.194	-267.663	-1448.89	1518.91	0.020539	-6.95801e+06	1.88075e+07	2.38825e+08	1.04335e+06	-4.02721e+07	3.22707e+07	-1.04335e+06	-5.52579e+07	6.32593e+07
128	145.679	-431.727	-267.021	-1455.79	1525.32	0.0209317	-6.96689e+06	1.87661e+07	2.43392e+08	1.05065e+06	-4.12811e+07	3.32635e+07	-1.05065e+06	-5.60757e+07	6.40932e+07
129	145.361	-430.275	-266.383	-1462.79	1531.8	0.0213343	-6.97267e+06	1.87459e+07	2.48073e+08	1.05802e+06	-4.23165e+07	3.42859e+07	-1.05802e+06	-5.69129e+07	6.49435e+07
130	145.027	-428.836	-265.748	-1469.89	1538.35	0.0217469	-6.9754e+06	1.87475e+07	2.52871e+08	1.06545e+06	-4.3379e+07	3.53381e+07	-1.06545e+06	-5.77695e+07	6.58104e+07
131	144.662	-427.408	-265.116	-1477.11	1545	0.0221709	-6.97505e+06	1.87765e+07	2.57801e+08	1.07295e+06	-4.44719e+07	3.64239e+07	-1.07295e+06	-5.86485e+07	6.66965e+07
132	144.229	-425.985	-264.484	-1484.47	1551.75	0.0226075	-6.97164e+06	1.88384e+07	2.62877e+08	1.08049e+06	-4.55987e+07	3.75465e+07	-1.08049e+06	-5.95523e+07	6.76044e+07
133	143.692	-424.569	-263.852	-1491.96	1558.62	0.0230566	-6.96534e+06	1.89334e+07	2.681e+08	1.08807e+06	-4.67595e+07	3.87061e+07	-1.08807e+06	-6.04807e+07	6.85341e+07
134	143.023	-423.158	-263.218	-1499.58	1565.58	0.0235183	-6.95627e+06	1.90613e+07	2.73469e+08	1.09569e+06	-4.79544e+07	3.99024e+07	-1.09569e+06	-6.14332e+07	6.94851e+07
135	142.199	-421.75	-262.584	-1507.32	1572.64	0.0239927	-6.94458e+06	1.9223e+07	2.78985e+08	1.10334e+06	-4.9184e+07	4.11361e+07	-1.10334e+06	-6.241e+07	7.04579e+07
136	141.187	-420.345	-261.947	-1515.17	1579.81	0.0244799	-6.93041e+06	1.94192e+07	2.8465e+08	1.11102e+06	-5.04489e+07	4.24075e+07	-1.11102e+06	-6.3411e+07	7.14524e+07
137	139.963	-418.942	-261.308	-1523.13	1587.06	0.0249796	-6.91392e+06	1.96493e+07	2.90461e+08	1.11872e+06	-5.17487e+07	4.3716e+07	-1.11872e+06	-6.44356e+07	7.24683e+07
138	138.51	-417.541	-260.666	-1531.19	1594.4	0.0254917	-6.89528e+06	1.99125e+07	2.96415e+08	1.12645e+06	-5.30831e+07	4.50613e+07	-1.12645e+06	-6.54831e+07	7.35048e+07
139	136.819	-416.142	-260.022	-1539.34	1601.81	0.0260159	-6.87465e+06	2.02078e+07	3.02511e+08	1.1342e+06	-5.44516e+07	4.64427e+07	-1.1342e+06	-6.65527e+07	7.45616e+07
140	134.889	-414.745	-259.376	-1547.57	1609.3	0.0265521	-6.85216e+06	2.05351e+07	3.08746e+08	1.14197e+06	-5.58542e+07	4.786e+07	-1.14197e+06	-6.76441e+07	7.56382e+07
141	132.727	-413.342	-258.722	-1555.93	1616.91	0.0271042	-6.82773e+06	2.09111e+07	3.15165e+08	1.14972e+06	-5.7301e+07	4.93235e+07	-1.14972e+06	-6.87651e+07	7.67426e+07
142	130.36	-411.924	-258.057	-1564.5	1624.7	0.0276759	-6.80147e+06	2.13522e+07	3.21812e+08	1.15744e+06	-5.88018e+07	5.08429e+07	-1.15744e+06	-6.99232e+07	7.78821e+07
143	127.817	-410.49	-257.378	-1573.23	1632.66	0.0282667	-6.77384e+06	2.18573e+07	3.28683e+08	1.1651e+06	-6.03561e+07	5.24171e+07	-1.1651e+06	-7.1117e+07	7.90559e+07
144	125.129	-409.041	-256.688	-1582.13	1640.77	0.0288762	-6.74526e+06	2.24246e+07	3.35769e+08	1.17272e+06	-6.19628e+07	5.40448e+07	-1.17272e+06	-7.23449e+07	8.02629e+07
145	122.319	-407.575	-255.984	-1591.17	1649.02	0.0295037	-6.71615e+06	2.30522e+07	3.43066e+08	1.18027e+06	-6.36211e+07	5.57246e+07	-1.18027e+06	-7.36054e+07	8.15018e+07
146	119.41	-406.093	-255.267	-1600.33	1657.4	0.0301485	-6.68695e+06	2.37373e+07	3.50564e+08	1.18777e+06	-6.53292e+07	5.74545e+07	-1.18777e+06	-7.48965e+07	8.27712e+07
147	116.422	-404.596	-254.538	-1609.58	1665.88	0.0308098	-6.65803e+06	2.44762e+07	3.58253e+08	1.1952e+06	-6.70852e+07	5.9232e+07	-1.1952e+06	-7.6216e+07	8.40692e+07
148	113.38	-403.084	-253.796	-1618.93	1674.46	0.0314868	-6.62977e+06	2.52667e+07	3.66125e+08	1.20258e+06	-6.88878e+07	6.10555e+07	-1.20258e+06	-7.75624e+07	8.53947e+07
149	110.303	-401.556	-253.042	-1628.34	1683.13	0.0321793	-6.60248e+06	2.61076e+07	3.74178e+08	1.2099e+06	-7.07365e+07	6.29241e+07	-1.2099e+06	-7.89346e+07	8.67469e+07
150	107.205	-400.014	-252.275	-1637.82	1691.87	0.0328868	-6.57647e+06	2.69971e+07	3.82405e+08	1.21716e+06	-7.26303e+07	6.48367e+07	-1.21716e+06	-8.03315e+07	8.81251e+07
151	104.102	-398.459	-251.498	-1647.32	1700.67	0.0336075	-6.55211e+06	2.79273e+07	3.90785e+08	1.22436e+06	-7.45649e+07	6.67884e+07	-1.22436e+06	-8.17493e+07	8.95257e+07
152	101.022	-396.895	-250.711	-1656.84	1709.5	0.03434	-6.52963e+06	2.88916e+07	3.99303e+08	1.23152e+06	-7.65363e+07	6.87752e+07	-1.23152e+06	-8.31847e+07	9.09459e+07
153	97.99	-395.321	-249.916	-1666.36	1718.35	0.0350843	-6.50917e+06	2.98901e+07	4.07957e+08	1.23864e+06	-7.85449e+07	7.07971e+07	-1.23864e+06	-8.46379e+07	9.23857e+07
154	95.0251	-393.738	-249.111	-1675.89	1727.24	0.0358405	-6.49088e+06	3.09232e+07	4.1675e+08	1.24571e+06	-8.05911e+07	7.28545e+07	-1.24571e+06	-8.61088e+07	9.38453e+07
155	92.1406	-392.146	-248.297	-1685.42	1736.16	0.0366086	-6.47489e+06	3.19909e+07	4.25681e+08	1.25273e+06	-8.2675e+07	7.49474e+07	-1.25273e+06	-8.75974e+07	9.5325e+07
156	89.346	-390.545	-247.475	-1694.96	1745.11	0.0373886	-6.46134e+06	3.30932e+07	4.34751e+08	1.2597e+06	-8.47968e+07	7.70758e+07	-1.2597e+06	-8.91036e+07	9.68246e+07
157	86.6474	-388.935	-246.643	-1704.49	1754.08	0.0381805	-6.45039e+06	3.42298e+07	4.43959e+08	1.26662e+06	-8.69565e+07	7.92395e+07	-1.26662e+06	-9.06272e+07	9.83442e+07
158	84.0487	-387.316	-245.803	-1714.03	1763.08	0.0389843	-6.44217e+06	3.54004e+07	4.53305e+08	1.27349e+06	-8.91541e+07	8.14384e+07	-1.27349e+06	-9.21681e+07	9.98837e+07
159	81.5515	-385.689	-244.954	-1723.57	1772.11	0.0397998	-6.43681e+06	3.66044e+07	4.62788e+08	1.28032e+06	-9.13894e+07	8.36722e+07	-1.28032e+06	-9.37259e+07	1.01443e+08
160	79.1563	-384.055	-244.098	-1733.09	1781.15	0.0406268	-6.43447e+06	3.78407e+07	4.72405e+08	1.28709e+06	-9.36619e+07	8.59403e+07	-1.28709e+06	-9.53e+07	1.03022e+08
161	76.8621	-382.417	-243.236	-1742.58	1790.17	0.0414622	-6.43534e+06	3.90943e+07	4.82119e+08	1.29383e+06	-9.59632e+07	8.8234e+07	-1.29383e+06	-9.68844e+07	1.04614e+08
162	74.6644	-380.783	-242.372	-1751.98	1799.15	0.0423031	-6.43945e+06	4.0351e+07	4.91897e+08	1.30057e+06	-9.82853e+07	9.05452e+07	-1.30057e+06	-9.84734e+07	1.06213e+08
163	72.5578	-379.152	-241.507	-1761.3	1808.07	0.0431495	-6.44662e+06	4.16108e+07	5.01738e+08	1.3073e+06	-1.00628e+08	9.28742e+07	-1.3073e+06	-1.00067e+08	1.07821e+08
164	70.5383	-377.525	-240.641	-1770.55	1816.95	0.0440016	-6.45669e+06	4.28738e+07	5.11646e+08	1.31403e+06	-1.02992e+08	9.52215e+07	-1.31403e+06	-1.01666e+08	1.09437e+08
165	68.6024	-375.903	-239.775	-1779.74	1825.78	0.0448595	-6.46949e+06	4.41404e+07	5.21622e+08	1.32076e+06	-1.05378e+08	9.75875e+07	-1.32076e+06	-1.03271e+08	1.11061e+08
166	66.7476	-374.288	-238.908	-1788.86	1834.57	0.0457234	-6.48486e+06	4.54109e+07	5.31667e+08	1.3275e+06	-1.07785e+08	9.99727e+07	-1.3275e+06	-1.04882e+08	1.12694e+08
167	64.9713	-372.679	-238.043	-1797.91	1843.33	0.0465935	-6.50263e+06	4.66857e+07	5.41784e+08	1.33424e+06	-1.10214e+08	1.02378e+08	-1.33424e+06	-1.06499e+08	1.14336e+08
168	63.2716	-371.077	-237.178	-1806.92	1852.04	0.0474698	-6.52266e+06	4.7965e+07	5.51975e+08	1.34099e+06	-1.12666e+08	1.04802e+08	-1.34099e+06	-1.08124e+08	1.15987e+08
169	61.6472	-369.482	-236.315	-1815.87	1860.72	0.0483526	-6.54478e+06	4.9249e+07	5.62239e+08	1.34775e+06	-1.1514e+08	1.07248e+08	-1.34775e+06	-1.09755e+08	1.17648e+08
170	60.097	-367.896	-235.453	-1824.77	1869.36	0.0492419	-6.56884e+06	5.05379e+07	5.7258e+08	1.35453e+06	-1.17637e+08	1.09714e+08	-1.35453e+06	-1.11395e+08	1.19318e+08
171	58.619	-366.318	-234.593	-1833.63	1877.99	0.050139	-6.59466e+06	5.18379e+07	5.83012e+08	1.36131e+06	-1.20161e+08	1.12205e+08	-1.36131e+06	-1.13044e+08	1.21e+08
172	57.2059	-364.745	-233.733	-1842.47	1886.6	0.0510454	-6.62212e+06	5.31549e+07	5.93551e+08	1.36809e+06	-1.22714e+08	1.14724e+08	-1.36809e+06	-1.14706e+08	1.22697e+08
173	55.8507	-363.178	-232.874	-1851.3	1895.21	0.0519609	-6.65115e+06	5.44889e+07	6.04196e+08	1.37487e+06	-1.25297e+08	1.17271e+08	-1.37487e+06	-1.16382e+08	1.24408e+08
174	54.5471	-361.619	-232.016	-1860.11	1903.82	0.0528856	-6.68169e+06	5.58398e+07	6.14949e+08	1.38166e+06	-1.2791e+08	1.19847e+08	-1.38166e+06	-1.1807e+08	1.26133e+08
175	53.2897	-360.066	-231.159	-1868.9	1912.41	0.0538197	-6.71367e+06	5.72074e+07	6.2581e+08	1.38846e+06	-1.30553e+08	1.22451e+08	-1.38846e+06	-1.19771e+08	1.27873e+08
176	52.0737	-358.521	-230.304	-1877.67	1921	0.0547629	-6.74702e+06	5.85917e+07	6.36778e+08	1.39526e+06	-1.33227e+08	1.25084e+08	-1.39526e+06	-1.21485e+08	1.29627e+08
177	50.8951	-356.984	-229.451	-1886.43	1929.58	0.0557155	-6.78167e+06	5.99925e+07	6.47855e+08	1.40207e+06	-1.3593e+08	1.27746e+08	-1.40207e+06	-1.23212e+08	1.31396e+08
178	49.7504	-355.455	-228.6	-1895.16	1938.15	0.0566775	-6.81757e+06	6.14098e+07	6.59041e+08	1.40889e+06	-1.38664e+08	1.30437e+08	-1.40889e+06	-1.24953e+08	1.33179e+08
179	48.6366	-353.934	-227.751	-1903.89	1946.71	0.0576488	-6.85464e+06	6.28435e+07	6.70335e+08	1.41572e+06	-1.41427e+08	1.33157e+08	-1.41572e+06	-1.26707e+08	1.34977e+08
180	47.551	-352.422	-226.904	-1912.6	1955.26	0.0586296	-6.89281e+06	6.42937e+07	6.81739e+08	1.42256e+06	-1.44222e+08	1.35906e+08	-1.42256e+06	-1.28474e+08	1.36789e+08
181	46.4919	-350.918	-226.061	-1921.29	1963.81	0.0596197	-6.93203e+06	6.57601e+07	6.93253e+08	1.42941e+06	-1.47046e+08	1.38685e+08	-1.42941e+06	-1.30255e+08	1.38616e+08
182	45.4586	-349.424	-225.22	-1929.97	1972.35	0.0606194	-6.97223e+06	6.72426e+07	7.04876e+08	1.43628e+06	-1.49901e+08	1.41493e+08	-1.43628e+06	-1.32049e+08	1.40458e+08
183	44.4506	-347.939	-224.382	-1938.63	1980.88	0.0616285	-7.01333e+06	6.87413e+07	7.1661e+08	1.44316e+06	-1.52787e+08	1.4433e+08	-1.44316e+06	-1.33858e+08	1.42314e+08
184	43.4678	-346.464	-223.547	-1947.29	1989.41	0.0626472	-7.05528e+06	7.02563e+07	7.28456e+08	1.45005e+06	-1.55703e+08	1.47197e+08	-1.45005e+06	-1.3568e+08	1.44185e+08
185	42.51	-344.998	-222.716	-1955.93	1997.92	0.0636755	-7.09801e+06	7.17876e+07	7.40413e+08	1.45696e+06	-1.58649e+08	1.50094e+08	-1.45696e+06	-1.37516e+08	1.46071e+08
186	41.577	-343.542	-221.889	-1964.55	2006.43	0.0647137	-7.14146e+06	7.33359e+07	7.52485e+08	1.46389e+06	-1.61628e+08	1.53022e+08	-1.46389e+06	-1.39366e+08	1.47972e+08
187	40.6687	-342.095	-221.064	-1973.17	2014.94	0.0657618	-7.18558e+06	7.49019e+07	7.64672e+08	1.47083e+06	-1.64637e+08	1.55981e+08	-1.47083e+06	-1.41231e+08	1.49888e+08
188	39.7852	-340.658	-220.244	-1981.79	2023.44	0.06682	-7.23033e+06	7.64857e+07	7.76977e+08	1.47779e+06	-1.67679e+08	1.58971e+08	-1.47779e+06	-1.43111e+08	1.51819e+08
189	38.9265	-339.231	-219.427	-1990.39	2031.93	0.0678883	-7.27565e+06	7.80873e+07	7.89398e+08	1.48476e+06	-1.70753e+08	1.61993e+08	-1.48476e+06	-1.45006e+08	1.53767e+08
190	38.0928	-337.813	-218.613	-1998.98	2040.42	0.0689667	-7.32152e+06	7.97066e+07	8.01938e+08	1.49176e+06	-1.73859e+08	1.65046e+08	-1.49176e+06	-1.46916e+08	1.55729e+08
191	37.2839	-336.406	-217.804	-2007.57	2048.91	0.0700553	-7.36789e+06	8.1344e+07	8.14597e+08	1.49876e+06	-1.76997e+08	1.68131e+08	-1.49876e+06	-1.48841e+08	1.57708e+08
192	36.4988	-335.008	-216.998	-2016.15	2057.39	0.0711543	-7.41472e+06	8.29999e+07	8.27375e+08	1.50579e+06	-1.80168e+08	1.71248e+08	-1.50579e+06	-1.50782e+08	1.59702e+08
193	35.736	-333.62	-216.197	-2024.73	2065.87	0.0722637	-7.46198e+06	8.46743e+07	8.40275e+08	1.51283e+06	-1.83372e+08	1.74397e+08	-1.51283e+06	-1.52738e+08	1.61713e+08
194	34.9943	-332.242	-215.399	-2033.3	2074.35	0.0733835	-7.50963e+06	8.63671e+07	8.53296e+08	1.51989e+06	-1.86609e+08	1.77579e+08	-1.51989e+06	-1.5471e+08	1.63739e+08
195	34.2725	-330.874	-214.605	-2041.86	2082.82	0.0745138	-7.55764e+06	8.80784e+07	8.66439e+08	1.52697e+06	-1.89878e+08	1.80794e+08	-1.52697e+06	-1.56697e+08	1.65782e+08
196	33.5695	-329.516	-213.816	-2050.42	2091.29	0.0756546	-7.60597e+06	8.98083e+07	8.79704e+08	1.53406e+06	-1.93181e+08	1.84041e+08	-1.53406e+06	-1.587e+08	1.6784e+08
197	32.8843	-328.168	-213.031	-2058.97	2099.75	0.0768059	-7.65459e+06	9.15568e+07	8.93092e+08	1.54118e+06	-1.96518e+08	1.87322e+08	-1.54118e+06	-1.60719e+08	1.69915e+08
198	32.2159	-326.829	-212.25	-2067.52	2108.21	0.077968	-7.70348e+06	9.33239e+07	9.06604e+08	1.54831e+06	-1.99887e+08	1.90635e+08	-1.54831e+06	-1.62754e+08	1.72006e+08
199	31.5634	-325.501	-211.473	-2076.07	2116.67	0.0791407	-7.7526e+06	9.51098e+07	9.2024e+08	1.55546e+06	-2.0329e+08	1.93982e+08	-1.55546e+06	-1.64806e+08	1.74114e+08
200	30.926	-324.182	-210.7	-2084.61	2125.13	0.0803241	-7.80192e+06	9.69145e+07	9.34001e+08	1.56263e+06	-2.06727e+08	1.97363e+08	-1.56263e+06	-1.66873e+08	1.76238e+08
201	30.303	-322.874	-209.932	-2093.15	2133.58	0.0815185	-7.85141e+06	9.87389e+07	9.4789e+08	1.56982e+06	-2.10199e+08	2.00777e+08	-1.56982e+06	-1.68957e+08	1.78378e+08
202	29.6935	-321.575	-209.168	-2101.68	2142.03	0.0827241	-7.90105e+06	1.00584e+08	9.61908e+08	1.57702e+06	-2.13705e+08	2.04227e+08	-1.57702e+06	-1.71058e+08	1.80536e+08
203	29.0969	-320.285	-208.408	-2110.22	2150.49	0.083941	-7.95081e+06	1.0245e+08	9.76058e+08	1.58424e+06	-2.17247e+08	2.07712e+08	-1.58424e+06	-1.73177e+08	1.82712e+08
204	28.5126	-319.005	-207.653	-2118.75	2158.94	0.0851692	-8.00069e+06	1.04338e+08	9.9034e+08	1.59148e+06	-2.20824e+08	2.11232e+08	-1.59148e+06	-1.75312e+08	1.84904e+08
205	27.94	-317.734	-206.901	-2127.29	2167.39	0.0864088	-8.05067e+06	1.06246e+08	1.00475e+09	1.59874e+06	-2.24436e+08	2.14787e+08	-1.59874e+06	-1.77465e+08	1.87115e+08
206	27.3787	-316.472	-206.154	-2135.82	2175.84	0.0876599	-8.10073e+06	1.08176e+08	1.0193e+09	1.60601e+06	-2.28085e+08	2.18378e+08	-1.60601e+06	-1.79636e+08	1.89342e+08
207	26.8286	-315.22	-205.411	-2144.36	2184.3	0.0889225	-8.15087e+06	1.10127e+08	1.03398e+09	1.6133e+06	-2.31769e+08	2.22005e+08	-1.6133e+06	-1.81824e+08	1.91588e+08
208	26.2895	-313.977	-204.672	-2152.89	2192.75	0.0901967	-8.20106e+06	1.121e+08	1.0488e+09	1.62061e+06	-2.3549e+08	2.25668e+08	-1.62061e+06	-1.8403e+08	1.93851e+08
209	25.7615	-312.743	-203.937	-2161.43	2201.21	0.0914826	-8.2513e+06	1.14095e+08	1.06375e+09	1.62793e+06	-2.39247e+08	2.29368e+08	-1.62793e+06	-1.86253e+08	1.96133e+08
210	25.2444	-311.519	-203.207	-2169.96	2209.66	0.0927801	-8.30156e+06	1.16111e+08	1.07884e+09	1.63527e+06	-2.43041e+08	2.33104e+08	-1.63527e+06	-1.88495e+08	1.98432e+08
211	24.7383	-310.303	-202.481	-2178.5	2218.12	0.0940896	-8.35185e+06	1.1815e+08	1.09406e+09	1.64262e+06	-2.46871e+08	2.36876e+08	-1.64262e+06	-1.90755e+08	2.00749e+08
212	24.2429	-309.096	-201.759	-2187.03	2226.58	0.0954109	-8.40216e+06	1.20211e+08	1.10943e+09	1.65e+06	-2.50738e+08	2.40686e+08	-1.65e+06	-1.93033e+08	2.03085e+08
213	23.758	-307.898	-201.041	-2195.57	2235.03	0.0967442	-8.45247e+06	1.22295e+08	1.12493e+09	1.65738e+06	-2.54643e+08	2.44533e+08	-1.65738e+06	-1.9533e+08	2.05439e+08
214	23.2836	-306.708	-200.327	-2204.11	2243.49	0.0980895	-8.50277e+06	1.24401e+08	1.14058e+09	1.66479e+06	-2.58586e+08	2.48418e+08	-1.66479e+06	-1.97645e+08	2.07812e+08
215	22.8195	-305.527	-199.617	-2212.65	2251.96	0.099447	-8.55307e+06	1.26531e+08	1.15636e+09	1.6722e+06	-2.62566e+08	2.5234e+08	-1.6722e+06	-1.99978e+08	2.10204e+08
216	22.3654	-304.355	-198.911	-2221.2	2260.42	0.100817	-8.60336e+06	1.28684e+08	1.17229e+09	1.67963e+06	-2.66584e+08	2.56301e+08	-1.67963e+06	-2.02331e+08	2.12614e+08
217	21.9212	-303.191	-198.21	-2229.74	2268.89	0.102199	-8.65363e+06	1.3086e+08	1.18836e+09	1.68708e+06	-2.7064e+08	2.603e+08	-1.68708e+06	-2.04702e+08	2.15043e+08
218	21.4866	-302.036	-197.512	-2238.29	2277.35	0.103593	-8.70388e+06	1.3306e+08	1.20457e+09	1.69454e+06	-2.74735e+08	2.64337e+08	-1.69454e+06	-2.07093e+08	2.17491e+08
219	21.0616	-300.889	-196.818	-2246.84	2285.82	0.105	-8.75411e+06	1.35284e+08	1.22093e+09	1.70202e+06	-2.78869e+08	2.68412e+08	-1.70202e+06	-2.09503e+08	2.19959e+08
220	20.646	-299.75	-196.129	-2255.39	2294.3	0.106419	-8.80432e+06	1.37532e+08	1.23743e+09	1.70951e+06	-2.83041e+08	2.72527e+08	-1.70951e+06	-2.11932e+08	2.22445e+08
221	20.2395	-298.619	-195.443	-2263.95	2302.77	0.107851	-8.8545e+06	1.39804e+08	1.25408e+09	1.71701e+06	-2.87253e+08	2.76681e+08	-1.71701e+06	-2.1438e+08	2.24952e+08
222	19.8421	-297.496	-194.761	-2272.51	2311.25	0.109296	-8.90466e+06	1.42101e+08	1.27088e+09	1.72452e+06	-2.91504e+08	2.80875e+08	-1.72452e+06	-2.16848e+08	2.27477e+08
223	19.4534	-296.381	-194.083	-2281.07	2319.73	0.110753	-8.9548e+06	1.44423e+08	1.28783e+09	1.73205e+06	-2.95795e+08	2.85108e+08	-1.73205e+06	-2.19336e+08	2.30023e+08
224	19.0734	-295.274	-193.409	-2289.63	2328.22	0.112223	-9.00493e+06	1.4677e+08	1.30492e+09	1.73959e+06	-3.00125e+08	2.89381e+08	-1.73959e+06	-2.21843e+08	2.32588e+08
225	18.7019	-294.174	-192.739	-2298.2	2336.71	0.113706	-9.05503e+06	1.49141e+08	1.32217e+09	1.74714e+06	-3.04496e+08	2.93694e+08	-1.74714e+06	-2.24371e+08	2.35173e+08
226	18.3387	-293.082	-192.072	-2306.77	2345.2	0.115203	-9.10513e+06	1.51539e+08	1.33956e+09	1.7547e+06	-3.08907e+08	2.98047e+08	-1.7547e+06	-2.26919e+08	2.37778e+08
227	17.9837	-291.997	-191.409	-2315.34	2353.69	0.116712	-9.15522e+06	1.53962e+08	1.35711e+09	1.76228e+06	-3.13359e+08	3.02442e+08	-1.76228e+06	-2.29486e+08	2.40404e+08
228	17.6366	-290.92	-190.75	-2323.92	2362.19	0.118234	-9.20531e+06	1.56411e+08	1.37482e+09	1.76986e+06	-3.17852e+08	3.06877e+08	-1.76986e+06	-2.32075e+08	2.4305e+08
229	17.2974	-289.85	-190.095	-2332.5	2370.69	0.11977	-9.25541e+06	1.58885e+08	1.39267e+09	1.77746e+06	-3.22386e+08	3.11353e+08	-1.77746e+06	-2.34683e+08	2.45716e+08
230	16.9658	-288.787	-189.443	-2341.09	2379.2	0.121319	-9.30552e+06	1.61387e+08	1.41068e+09	1.78507e+06	-3.26961e+08	3.1587e+08	-1.78507e+06	-2.37312e+08	2.48403e+08
231	16.6417	-287.732	-188.795	-2349.68	2387.71	0.122881	-9.35565e+06	1.63913e+08	1.42885e+09	1.79268e+06	-3.31577e+08	3.20429e+08	-1.79268e+06	-2.39962e+08	2.5111e+08
232	16.3249	-286.684	-188.15	-2358.27	2396.22	0.124456	-9.4058e+06	1.66464e+08	1.44716e+09	1.80031e+06	-3.36233e+08	3.25027e+08	-1.80031e+06	-2.42631e+08	2.53838e+08
233	16.0154	-285.643	-187.509	-2366.86	2404.73	0.126044	-9.45597e+06	1.69038e+08	1.46563e+09	1.80795e+06	-3.40931e+08	3.29667e+08	-1.80795e+06	-2.45321e+08	2.56585e+08
234	15.7128	-284.609	-186.872	-2375.45	2413.24	0.127645	-9.50615e+06	1.71638e+08	1.48425e+09	1.8156e+06	-3.45668e+08	3.34347e+08	-1.8156e+06	-2.48031e+08	2.59352e+08
235	15.4171	-283.582	-186.239	-2384.04	2421.75	0.12926	-9.55632e+06	1.74262e+08	1.50302e+09	1.82326e+06	-3.50447e+08	3.39068e+08	-1.82326e+06	-2.50761e+08	2.6214e+08
236	15.1282	-282.563	-185.609	-2392.63	2430.27	0.130887	-9.60649e+06	1.76911e+08	1.52195e+09	1.83093e+06	-3.55267e+08	3.4383e+08	-1.83093e+06	-2.53511e+08	2.64948e+08
237	14.8458	-281.55	-184.983	-2401.23	2438.79	0.132528	-9.65664e+06	1.79585e+08	1.54103e+09	1.83861e+06	-3.60129e+08	3.48634e+08	-1.83861e+06	-2.56282e+08	2.67777e+08
238	14.5698	-280.544	-184.36	-2409.83	2447.31	0.134183	-9.70679e+06	1.82285e+08	1.56027e+09	1.8463e+06	-3.65032e+08	3.53479e+08	-1.8463e+06	-2.59074e+08	2.70627e+08
239	14.3001	-279.545	-183.741	-2418.43	2455.83	0.135851	-9.75692e+06	1.8501e+08	1.57966e+09	1.854e+06	-3.69978e+08	3.58367e+08	-1.854e+06	-2.61887e+08	2.73498e+08
240	14.0365	-278.552	-183.126	-2427.03	2464.36	0.137532	-9.80703e+06	1.87761e+08	1.59921e+09	1.86171e+06	-3.74965e+08	3.63297e+08	-1.86171e+06	-2.6472e+08	2.76389e+08
241	13.7789	-277.567	-182.514	-2435.64	2472.88	0.139228	-9.85713e+06	1.90538e+08	1.61893e+09	1.86943e+06	-3.79996e+08	3.68269e+08	-1.86943e+06	-2.67575e+08	2.79302e+08
242	13.5272	-276.587	-181.905	-2444.24	2481.41	0.140937	-9.9072e+06	1.93342e+08	1.6388e+09	1.87716e+06	-3.85068e+08	3.73284e+08	-1.87716e+06	-2.70451e+08	2.82236e+08
243	13.2812	-275.615	-181.3	-2452.85	2489.94	0.142659	-9.95725e+06	1.96171e+08	1.65883e+09	1.8849e+06	-3.90184e+08	3.78342e+08	-1.8849e+06	-2.73349e+08	2.85191e+08
244	13.0408	-274.649	-180.699	-2461.46	2498.48	0.144396	-1.00073e+07	1.99027e+08	1.67902e+09	1.89265e+06	-3.95343e+08	3.83443e+08	-1.89265e+06	-2.76267e+08	2.88167e+08
245	12.8059	-273.689	-180.101	-2470.08	2507.01	0.146147	-1.00573e+07	2.0191e+08	1.69938e+09	1.90041e+06	-4.00545e+08	3.88587e+08	-1.90041e+06	-2.79208e+08	2.91165e+08
246	12.5763	-272.735	-179.506	-2478.7	2515.55	0.147911	-1.01073e+07	2.04819e+08	1.7199e+09	1.90817e+06	-4.0579e+08	3.93775e+08	-1.90817e+06	-2.82169e+08	2.94185e+08
247	12.3519	-271.788	-178.915	-2487.32	2524.1	0.14969	-1.01572e+07	2.07755e+08	1.74058e+09	1.91595e+06	-4.11079e+08	3.99006e+08	-1.91595e+06	-2.85153e+08	2.97226e+08
248	12.1325	-270.847	-178.327	-2495.94	2532.64	0.151483	-1.02072e+07	2.10719e+08	1.76143e+09	1.92373e+06	-4.16412e+08	4.04281e+08	-1.92373e+06	-2.88158e+08	3.00289e+08
249	11.9181	-269.913	-177.742	-2504.56	2541.19	0.15329	-1.02571e+07	2.1371e+08	1.78244e+09	1.93152e+06	-4.21789e+08	4.096e+08	-1.93152e+06	-2.91186e+08	3.03374e+08
250	11.7085	-268.984	-177.16	-2513.19	2549.74	0.155111	-1.0307e+07	2.16728e+08	1.80361e+09	1.93932e+06	-4.2721e+08	4.14964e+08	-1.93932e+06	-2.94235e+08	3.06482e+08
